"wellcol","plate","area","greenness","num_of_particles","circularity","major_axis_length","minor_axis_length","ferret_number"
"h12",1,6120.2,0.466480605694135,1,0.473840793079762,136.778595640898,73.5842559642226,1.85899829403911
"g12",1,10876,0.52421517332857,1.2,0.408225343058129,152.307293928299,102.387793043803,1.48270890120689
"f12",1,4688.2,0.467550008823551,1,0.428344917212697,103.353536307996,67.0376871969514,1.54204404500179
"e12",1,6638,0.477055691080599,1,0.267967689095235,129.784309714747,100.303111850608,1.3122113815802
"d12",1,8524.2,0.46120830536837,1,0.258437850475918,148.749176567098,103.849023844948,1.43258568712024
"c12",1,7478.6,0.450104010072899,1,0.292188322825887,123.983206417104,101.657488743506,1.22188962802615
"b12",1,6390.8,0.440016220688501,1,0.32056015762179,127.76582317789,86.0648750038304,1.50138162717319
"a12",1,12236,0.476943995994563,1,0.254087789782295,167.909286208772,122.223778563112,1.37391253038961
"h11",1,4420.2,0.445803398717733,1,0.623744461701346,116.338311056355,52.9442018809608,2.19782776645027
"g11",1,6611,0.504772891856686,1,0.401122139607669,156.774599680325,65.0835968511493,2.40915386100945
"f11",1,2417.6,0.461773449922973,1,0.664722449307564,74.1748939986941,45.8373165431601,1.61818152355
"e11",1,5225.4,0.457774262095307,1,0.478597479911575,120.445980116069,68.1893607535978,1.76664474482289
"d11",1,7139.8,0.447352929724042,1,0.321051414391603,148.539982252818,80.4350673751712,1.84671521716717
"c11",1,5403.8,0.414356548237316,1.6,0.496587890346637,102.600981031797,59.6334412452305,1.71914881831206
"b11",1,11658.2,0.466587259146697,2,0.889659214507269,72.6105305986637,69.0235322906255,1.35351203577196
"a11",1,10789.2,0.4652938736654,1.6,0.43901496474875,104.777319846873,92.7873945641899,1.37257634384268
"h10",1,6495.4,0.478604235013683,1,0.397089657691218,148.594076242295,68.2811389538591,2.17695037271067
"g10",1,7633,0.463813461186882,1.8,0.629628947868381,105.718942072206,55.031165928185,1.93237994884305
"f10",1,13138.8,0.516795700428665,1,0.562899341998381,151.019105009123,119.640849075648,1.26233281278759
"e10",1,5913.8,0.473067732354979,1,0.451416006926641,127.768577917859,67.2734062181018,1.89945942723837
"d10",1,7321.8,0.481125781279597,1,0.396500830587963,130.476371159321,89.5391442296222,1.4572075871666
"c10",1,5776.4,0.447309024921608,1,0.440860558540862,123.71036183668,78.0334534216108,1.58541844391375
"b10",1,9689,0.488196603142162,1,0.363102089125606,135.282318488363,106.537643280098,1.26985103715118
"a10",1,15033.6,0.54053033999097,1,0.313320623177265,163.43582644655,152.588028536084,1.0719430611101
"h09",1,7878.2,0.488272817571962,1,0.41847138652173,148.068157063976,84.3251305790604,1.75670153483581
"g09",1,8451,0.484074476726228,1,0.384780676790839,152.342254061568,88.6234999332014,1.71914433897573
"f09",1,8685.2,0.512085724265355,1,0.412862532032139,169.085639447023,77.1456620207975,2.19180124126319
"e09",1,7823.6,0.446762137351647,2,0.699516350492667,93.9990359884981,55.7183043455117,1.69562303560807
"d09",1,7201.4,0.495517214047567,2,0.593753350552282,92.8266522760759,57.5976276123541,1.54330990430146
"c09",1,7913.4,0.482086501735824,2,0.395991607121259,101.171017114984,59.8541486477444,1.64547593257401
"b09",1,9568.8,0.49455727848822,1,0.348134879745726,149.925126475168,95.2024354379727,1.57557322035573
"a09",1,9194.2,0.446224587142673,1.2,0.311555582525616,125.81539616708,102.840446114758,1.27408313482085
"h08",1,7810.2,0.503605332683437,1.2,0.415640214882919,144.817044638874,81.5780413386238,1.7421993888221
"g08",1,7464.8,0.507000153052464,2.8,0.812838256707887,84.3066531004761,35.4918179196724,2.227209179383
"f08",1,9798.8,0.509378646241156,1,0.454112320033712,180.285512076622,86.5487696435695,2.08368619078009
"e08",1,9365,0.485954799896838,2,0.669548402761067,106.628015579021,60.0425970541448,1.78216680352847
"d08",1,9952.2,0.497004207906756,1,0.316796851995738,146.56248168677,118.667581268133,1.23506649681491
"c08",1,8696.8,0.45232156117191,2.4,0.608820589926477,94.8370685582498,56.8319762842055,1.61333723645942
"b08",1,10711.4,0.501790677490281,1,0.240174519005904,156.28548870138,109.918785739863,1.42553314208486
"a08",1,8975,0.452194444845141,1.4,Inf,139.903844972876,78.9020108394181,201.676897454771
"h07",1,8255.2,0.493541774589508,1,0.363297099332359,171.790741917325,88.1549394853875,1.94872554632525
"g07",1,6565,0.499745057484912,1.2,0.406958292518639,133.303167583302,73.7058472596873,1.81983046603242
"f07",1,6271.8,0.489412142942265,1,0.483696187334279,147.550237256605,68.5325099022996,2.15307102041068
"e07",1,5079.2,0.539076536674568,2,0.668197243446927,75.6439176442085,46.8729571346262,1.61528395185933
"d07",1,7732.4,0.559825973045938,1,0.411407784290071,152.389043016524,81.6104170369622,1.86778752608229
"c07",1,7868.6,0.412013716214786,1.8,0.552226448741943,101.364655602113,65.7059449221213,1.6287854015262
"b07",1,7065.2,0.500015978327665,1.2,0.391437587299749,146.396223219459,69.4680817115043,2.07306783452777
"a07",1,7614.6,0.455668067584807,1.8,0.324055475870422,112.716039199265,68.0554866142975,1.82458121185517
"h06",1,6453.2,0.440872309998992,1,0.490556505804041,148.528003189678,65.1558441271563,2.27968078150683
"g06",1,8468.2,0.435416927793921,1,0.371044777816887,149.139675800598,94.2642488851945,1.58235468367824
"f06",1,9951.4,0.459725047219707,2,0.618009615525885,116.846108050285,57.666120829699,2.02533597942761
"e06",1,5641.6,0.440097890625327,2,0.732356593421064,72.3427341939638,53.432387821558,1.35493190893326
"d06",1,7780.8,0.474534064120307,1,0.347622323713152,124.895970332533,90.8924060442479,1.3742604514959
"c06",1,3226.2,0.39707064826065,1,0.587419322869454,97.7050075792959,45.6344959764358,2.14123978447927
"b06",1,7952,0.454226197080338,1,0.21244571265593,133.489566244532,107.736827483406,1.23932073604301
"a06",1,7500.2,0.431644389070298,2.8,0.500766500847624,96.4101765292893,41.1388568032759,2.67541319786251
"h05",1,5308.2,0.492017023389019,1.4,0.488020236003809,96.3290114142787,66.472426439099,1.44325727077642
"g05",1,6080.2,0.456011971827959,2,0.720385980251918,73.9989662661901,57.9335904815659,1.26851422718486
"f05",1,6676.8,0.458393792523718,1,0.51639950647266,118.659481168477,81.2263143860717,1.4609398943051
"e05",1,6659.2,0.505803909597714,1.2,0.420547064097385,118.576918753683,82.4153977867305,1.43628759317009
"d05",1,6705.2,0.435803754913161,1,0.524359651245676,115.810553556238,83.591514383041,1.38555135572304
"c05",1,4713.4,0.452697520012561,1,0.551054108330394,108.671713277102,61.9917435588287,1.75325677693299
"b05",1,12040.6,0.505941184995979,1.2,Inf,156.070435688911,93.1453953895639,201.506507342123
"a05",1,7754.4,0.529349103278154,3.8,0.813712271316469,88.4509659096009,38.6519084975536,2.28558282042963
"h04",1,9170,0.477277741699639,1,0.67585609255202,126.760111870694,96.3887933392586,1.31506751074969
"g04",1,5663.6,0.494579719328947,1,0.470984964862628,100.859444180739,81.4045760479391,1.23896298245517
"f04",1,3549.4,0.47398397295129,1,0.678396406067218,77.4584373425086,61.7349305354181,1.25467340697908
"e04",1,5490,0.452822564480672,1,0.61236124796283,104.57267047956,73.1286305678962,1.42997235047304
"d04",1,5815.2,0.48693667865872,1.6,0.520398797935448,107.651429875219,56.9294965483022,1.86858988900749
"c04",1,8394.2,0.467968317604678,1,0.507771547055255,126.423215926596,102.871617425002,1.22895676061079
"b04",1,11902,0.522690205736226,1,0.272372619821316,172.512779493909,105.428000617774,1.65002232664553
"a04",1,7928.2,0.504349275959967,2.8,0.653589361170765,75.4344833477506,49.6183378447597,1.57327386609097
"h03",1,6553.2,0.469713897881323,1.4,0.454538885443379,105.105053102102,74.7735394604058,1.5077782808827
"g03",1,9416.4,0.439721450772392,1,0.596719821932342,133.847452043659,96.7259549229331,1.38379814135688
"f03",1,8369.8,0.483056058948041,1,0.324030919094378,128.403783447679,104.831252720339,1.22488822729363
"e03",1,5814.6,0.437638518844983,1,0.495509945888883,119.683247677218,70.9743266183892,1.6862699272389
"d03",1,7638.8,0.454964661594362,1,0.306003986456574,143.321407177356,103.585355560889,1.38360978518946
"c03",1,5348.2,0.455100549253055,2,0.715451846713386,76.9185730864216,48.7617488234314,1.56473921574019
"b03",1,2805.4,0.400037222019858,1,0.71597270001489,67.4771363944624,58.7968399442073,1.14773528072437
"a03",1,5481.6,0.453128332928021,1.8,0.46642036397916,82.4095162646801,58.9221812415696,1.46624511538461
"h02",1,6761,0.491141670644639,1,0.501401560288123,115.263354388723,81.5218910213376,1.41389302274938
"g02",1,8880.8,0.472554723820357,1,0.4817926784647,117.365400944899,109.583049779146,1.07103038258872
"f02",1,7006.8,0.47651113367036,1,0.479359966970705,115.653684880271,91.0425053510278,1.27045712200673
"e02",1,8746.6,0.452876384868508,1,0.589453084872615,115.626509387986,100.58833609468,1.14967407470087
"d02",1,8988.6,0.478919690168881,1,0.333322996648442,142.173964199113,111.977239818728,1.26981737074325
"c02",1,4982.6,0.457989623476528,1,0.482806844991562,121.421250575619,69.5355503224754,1.74629719890427
"b02",1,5551.8,0.549710263697651,1.8,0.515941656326477,90.3380815023737,58.6107083222023,1.57517819821424
"a02",1,5377.2,0.410935402825339,1.4,0.646265169147515,112.288219299551,52.5600702006734,2.14670697524282
"h01",1,5450,0.442438916668853,1,0.715096245108891,98.4091782916008,73.0841099034859,1.34652591548984
"g01",1,7415.8,0.480051554820799,1,0.442919738121754,124.5096061016,87.7684148087253,1.42318269698789
"f01",1,5651.4,0.437581690599979,1,0.736972049860879,106.026169940816,69.9611158574041,1.51552407792449
"e01",1,3191.6,0.447247938555317,1,0.734327429477815,71.322646166679,60.6442599956234,1.17610583150612
"d01",1,6583.2,0.463140262407474,1,0.409740238373437,146.220636583265,69.6454868985483,2.09966047241425
"c01",1,7110.2,0.454868088966469,1,0.414666417351465,133.631351001119,97.8861075542,1.3651651165075
"b01",1,8194.4,0.49872154162668,1.6,0.591367646866387,112.882599007734,63.410094888605,1.79285728945003
"a01",1,4126.8,0.437884735825854,1,0.661800463768374,94.6705807913407,59.7208875402331,1.58545883266239
"h12",2,8527.8,0.414022467719498,1,0.443878227915687,122.882508663623,102.303764517816,1.20124719954513
"g12",2,11828,0.449852120359615,1,0.349535974517602,161.897939737696,107.716765927443,1.50394910966817
"f12",2,6888,0.391880664551842,1,0.379830988305399,135.646722780006,78.963762898459,1.71830141422229
"e12",2,462,0.333017165091388,0.8,0.514978740755647,30.5238554738871,17.0300511759461,1.51808760491805
"d12",2,5707.2,0.379309331528136,2,0.687595183786811,77.596726250398,44.771744350826,1.67909800085356
"c12",2,4546.2,0.394353894382229,1,0.529304536705999,103.434761813728,70.2105928947513,1.47322047776432
"b12",2,6013.2,0.436344737881618,1.2,0.496874884816832,120.240001498287,71.1742023858195,1.67091326863975
"a12",2,7592.8,0.446190078427707,1,0.449605837196378,139.465338514745,84.3938620725992,1.65265507710294
"h11",2,8405.2,0.440109174935416,1,0.2599385700129,157.165976570579,88.3187123502098,1.78011808109674
"g11",2,789,0.206905523001481,0.6,0.405718245414685,12.8235188121207,7.7551643273791,0.817598174468925
"f11",2,8412.8,0.461920698827578,1,0.325602300942125,137.526980705185,105.513208338685,1.30365980872938
"e11",2,0,0,0,0,0,0,0
"d11",2,4986.8,0.437895586819807,2,0.677436402271299,71.8454595982661,49.2821296278068,1.51693563802596
"c11",2,6318.4,0.41884630536817,2,0.548122484404777,91.5100000221377,52.6827952534885,1.75799473834823
"b11",2,7335.8,0.444369091629744,1,0.277006112015449,150.043264678157,88.274311425327,1.699843640159
"a11",2,8220,0.43301667245194,1,0.396594642585672,138.68612524245,92.7306400960906,1.49556224360842
"h10",2,8087.6,0.542286889266071,1.6,0.364395913562417,131.123844010034,73.5173457266444,2.13916093093465
"g10",2,6807.2,0.481290806046222,1,0.5245209217214,109.559317966175,87.1841376445643,1.25669390938666
"f10",2,4535,0.39592945185226,1,0.376370430679159,119.107226955551,57.1345060855865,2.08545829416679
"e10",2,6932.8,0.433740344639246,2,0.572098263495372,96.4309283034326,54.9827632401405,1.75491920166008
"d10",2,6117.6,0.429664241493067,2,0.572209026165294,93.9860910922708,48.8702816179197,1.92026125474184
"c10",2,4936.2,0.396582772383776,2,0.71136942328162,74.134892351488,45.219062819506,1.64483842689302
"b10",2,2759.6,0.488668967163283,1.6,0.798580266036707,59.7166671045903,35.0142451108769,1.66221156938229
"a10",2,2771.2,0.456105224935765,1,0.469405057973309,95.0659600728379,44.5826432671776,2.13173748349435
"h09",2,6487.4,0.44680229298491,1,0.321693139414697,128.317377437395,86.7550092177656,1.51675784772824
"g09",2,4572,0.42208355655541,1.4,0.686440291482162,75.4148213023939,55.2538825211182,1.69562106376395
"f09",2,5968.8,0.446501146962399,2,0.641886221757123,85.270412305926,49.1147742244693,1.75532130319791
"e09",2,7342.4,0.460961447396745,2,0.652567737184357,94.1339588745878,55.3452860368072,1.69990809033202
"d09",2,5920.8,0.449707601390641,2,0.677626177528259,84.5315793484503,48.0123570889911,1.76178896810109
"c09",2,6300.4,0.43180720416297,1,0.371090089822252,147.348818733242,72.1661265110129,2.04198124862751
"b09",2,6039.4,0.440965125638112,2,0.629987252346531,80.3108289161202,54.1753890320068,1.49629654789818
"a09",2,5519.2,0.409087171842491,2,0.724027709498349,66.9344838128669,57.0529580965786,1.18807014005339
"h08",2,11335.2,0.46817987136954,1,0.233691743163344,174.917115390041,128.487333726061,1.3646971114842
"g08",2,9137.8,0.507056201707682,1.2,Inf,120.60725331463,90.8356514785993,201.192728764959
"f08",2,5089.2,0.447537003246836,1,0.417539213672336,139.006449550922,64.3952474243677,2.15857243539341
"e08",2,7274,0.450813415991528,1,0.371073354435338,140.64373003538,87.5921647927839,1.60628188826192
"d08",2,8129.6,0.50325872505548,1,0.499503724269651,114.584555231304,99.9199790312312,1.14673452581236
"c08",2,6182.6,0.459323499706817,1,0.406181294793255,109.888949716448,86.0719351380986,1.27699693046475
"b08",2,5037,0.389011314733048,1,0.635036504677994,103.1187543669,68.9117428359861,1.49641897236722
"a08",2,8790.4,0.418930300017547,1,0.64659814592709,116.119005596027,100.458867922098,1.15593510885469
"h07",2,10022.2,0.477352951522674,1,0.248619104146593,158.35185891774,122.746349456686,1.29001538993082
"g07",2,4895.4,0.455436463854425,1,0.463988175322123,127.453551416539,55.9129823746868,2.28002484990115
"f07",2,7004,0.444728915296172,1,0.443950748273968,141.955077111066,82.4074854447812,1.72264088691253
"e07",2,6897.8,0.457660245015031,1,0.440804551129993,143.135276605419,86.3819592835247,1.6571081779246
"d07",2,5394.6,0.494962143360302,1,0.53834075198123,107.91385307037,72.9031918455407,1.48033096677388
"c07",2,6850.8,0.490765096705739,2,0.569870894617359,100.492579407698,47.8042403385611,2.1276943641258
"b07",2,7511,0.486955864124646,1.2,0.377537287348838,122.229282404175,83.3430381995568,1.47925577317012
"a07",2,6123.8,0.440499707166897,1.6,0.55057211982559,90.0730245470127,57.5087908127378,1.86211982279019
"h06",2,8700.2,0.46494998680926,1.2,0.323802732267165,156.186627815765,89.520422048246,2.29132745055264
"g06",2,11077.8,0.443912209146907,1,0.370778316867725,146.453498804081,110.117344906069,1.33045355713882
"f06",2,9177.6,0.393789338421836,1,0.446210311092699,152.347958375126,87.5984098192568,1.73908985150776
"e06",2,5915.8,0.394839354210862,1,0.531556423766541,117.117156913215,78.4277965918044,1.49335398907467
"d06",2,7621.8,0.461427263035397,2,0.492086469154594,97.3480348875774,57.0865865789688,1.71097053311188
"c06",2,9645.2,0.465016473624531,1.2,0.336580311110648,127.123696142713,105.074830584204,1.26307670267828
"b06",2,7527.2,0.44208180028528,1,0.535844891287645,119.182524875909,94.2609292264997,1.26447829399482
"a06",2,6436,0.46280747806185,2.4,0.623023926185309,82.8986152704781,39.5257948991135,2.0536072689723
"h05",2,10861,0.514662409684777,1.2,0.343250546658256,145.872127544865,118.624848216547,1.40557576171009
"g05",2,7514.6,0.456576058046563,1,0.330546234338796,154.233260828666,77.8392461440973,1.98168658424461
"f05",2,6346.8,0.41890327805201,1,0.444186370375729,129.045089199906,81.8615675241007,1.57639137543783
"e05",2,3423.6,0.424500218990466,2,0.847951839551247,53.4752263477504,41.4363538958501,1.28081472094153
"d05",2,5523.2,0.421067231782526,1,0.629999874727629,100.250998867867,75.8634763483456,1.32146145261166
"c05",2,1931.6,0.39852371339506,1,0.758805375045863,68.1777862292832,36.7549553303553,1.85524532282483
"b05",2,6477.8,0.413030764657428,1,0.581760105308729,108.780668251311,87.3533404856647,1.24554296810621
"a05",2,5101.6,0.401501868277396,2,0.717778633465061,59.0347883332083,46.6291377806541,1.30343642845894
"h04",2,8620,0.448540602877074,1.8,0.465539421045686,96.3622588449956,69.2994437515186,1.62112229379134
"g04",2,9509.4,0.421870417312807,1,0.374208581566482,175.830199935088,91.392631887242,1.9246318832301
"f04",2,9080.4,0.409028695559487,1,0.327214876259385,167.024370393742,91.5544899051576,1.82447852094845
"e04",2,6837.2,0.408475444739303,2,0.617669528851461,92.515202535821,52.7260003755962,1.76035829966137
"d04",2,6525.2,0.388592677225475,1,0.606129386276531,99.0682545315573,91.2743862962168,1.08550288478834
"c04",2,3983.4,0.444299663650223,1.2,0.416333916382984,105.672504071503,57.3650624943231,1.84955786788638
"b04",2,5633.8,0.415536974263428,1,0.450801147472228,121.100488973853,70.9274034219157,1.70747232962358
"a04",2,7273.8,0.414617147096873,1,0.356213760390669,144.010351609643,78.590405001176,1.83274164239592
"h03",2,6290.4,0.471663914785019,1.6,0.439592680029117,103.600025735425,68.2248109678113,1.72527978888104
"g03",2,11817.6,0.567703630514512,1,0.517531709980499,161.374782220497,112.239120074783,1.43864467814576
"f03",2,4999,0.430682227759227,1.8,0.701201319471836,78.0160358604053,49.2053714191023,1.61759567234226
"e03",2,6639.8,0.523881472352538,1,0.497916481135114,144.969699462994,67.3426451765324,2.15253297327347
"d03",2,4299.8,0.496589348558821,1.8,0.611810445705358,78.4344378816305,46.9432563036311,1.6653655959025
"c03",2,4941.2,0.563243980040306,1.6,0.708670464607983,87.1548350251515,45.4684371254114,1.92359193534706
"b03",2,5033.4,0.403601677659924,2.4,0.738505844317671,60.6308972192965,47.0783524526492,1.32054898968022
"a03",2,9803.4,0.526885944042822,1,0.498292035570284,171.175106348937,95.7680009910642,1.79076536001283
"h02",2,7990.8,0.448341114616885,1.4,0.48926910437352,121.629633500916,77.1796847294243,1.69368688751885
"g02",2,5772.6,0.450398675550589,1,0.445247086657253,115.527527411959,77.8166525529041,1.48458812844716
"f02",2,3384.2,0.414356120769142,2,0.813972940196592,52.9009905256449,33.4115639653305,1.55511797417408
"e02",2,4615.2,0.420749064685198,2,0.697382081118473,73.5217766830555,42.583628018457,1.72063733508652
"d02",2,4793,0.401113771457306,1,0.462565950862621,117.574055523206,67.9440275421158,1.73041374746515
"c02",2,7082.4,0.408054223296783,1.2,0.447313532008803,134.227182325805,72.5280141462122,1.84686147699264
"b02",2,5650.6,0.384387330948658,1,0.457381851303432,148.699043612261,58.021841478494,2.56291270915076
"a02",2,8639,0.382907285418974,1,0.241272567902773,130.981915738439,112.899141404849,1.16021890469127
"h01",2,4436.4,0.441939696599532,2,0.754671559882972,62.6015781097595,43.8562989559818,1.37908280679117
"g01",2,11927,0.506232090029632,1,0.327591818442393,170.875820333679,116.986218539867,1.46154704739534
"f01",2,6002,0.465514749980616,1,0.416805001291479,133.926463540313,70.7656502163129,1.86324334084262
"e01",2,5339.6,0.454264350261665,1,0.619590241045909,100.432069464138,75.3118423445017,1.33371019148136
"d01",2,5398,0.40929413346108,1.6,0.639684243407287,91.852185784642,55.265593560392,1.65005440674474
"c01",2,5668.4,0.469826981915392,2.4,0.644406179028855,79.4815033891145,42.4994207703848,1.86925566709447
"b01",2,6311.2,0.40857189310579,1.6,0.702462326649628,92.0983591431595,58.6859716798267,1.51972419022483
"a01",2,9723,0.473104195856536,1,0.342540494139363,142.43868919423,111.431580192273,1.27884867433092
"h12",3,6039.4,0.48897125421038,2,0.542988811732524,99.0776312671799,43.6048227745075,2.24907953414208
"g12",3,4616.4,0.472451644538846,2,0.707013128840806,72.2087524893889,44.9799585484687,1.57008107984918
"f12",3,3007.4,0.410420339387042,1.2,0.704609687637733,76.6304163505701,46.2587275902845,1.6683955772324
"e12",3,4833,0.462649540998668,1,0.475474254035701,140.880689306327,54.404135529879,2.58978430046565
"d12",3,5285.4,0.429634758142934,1,0.568222686879064,117.013030845415,64.6959498141931,1.80989779655113
"c12",3,6993.4,0.439793516027061,1,0.37135234424886,134.552911281934,85.2478072637794,1.57859016620732
"b12",3,9351.8,0.470946823184894,1,0.296489947936215,141.894353800689,116.518461131878,1.2177748643611
"a12",3,6675,0.480117230784556,1.2,0.46002907474273,109.663997512166,86.2744280543909,1.27840264357255
"h11",3,8401.4,0.501572177132472,2.6,0.469466596053607,96.1474455001606,50.2355652628113,1.88468176923785
"g11",3,6019.6,0.535524255339152,2.6,0.624702200784164,83.3205493037095,37.6319469831041,2.17347358020025
"f11",3,7480.2,0.466863728043692,1.2,0.658101474532166,144.416534674398,63.5380752575444,2.14965000230075
"e11",3,14988.6,0.512108048422656,1,0.385751746953749,153.924221646081,140.321119964665,1.09696677588246
"d11",3,8583.8,0.454707739454728,1,0.552801370037993,120.639634693489,102.857563213568,1.17290318416942
"c11",3,3253.2,0.429795565872557,1,0.675673987597475,73.8183691687266,62.6880996706874,1.17773423777976
"b11",3,8476,0.441949432204802,1,0.723529543303225,115.179284446124,96.5047479135481,1.19350314867543
"a11",3,3982.2,0.415749875156634,1,0.621593835915983,93.6428794100191,60.9270525950943,1.53689711532067
"h10",3,11042.8,0.39873768734371,1,0.535513528958702,140.863092610765,111.76538917135,1.26048131145286
"g10",3,7454.2,0.532224558418264,1.6,0.584127525733345,119.99562853326,65.0360937514496,1.79175000886313
"f10",3,4471.2,0.499596811003085,2,0.783292054760626,60.7133079526005,48.5829403607128,1.25493529778872
"e10",3,6946.6,0.475222489226302,1,0.594965861102675,114.938149106908,85.9756144923285,1.33695240123088
"d10",3,4901.8,0.457779588628154,2,0.716582041321703,74.4161721623944,44.7746375103162,1.67796121954977
"c10",3,7724.6,0.453439390252169,1,0.489955252684328,116.397704139687,98.6889594669799,1.17951750656792
"b10",3,8454.4,0.428731919448959,1,0.612436161861326,127.191887144262,94.0228602981035,1.35279048162934
"a10",3,7241.6,0.419697899586709,1,0.478512151690081,122.086522189675,86.9546536525377,1.40659949738481
"h09",3,7705.6,0.425378846180575,1.2,0.51158993416516,118.723724617633,80.1740120429871,1.56135757679207
"g09",3,8487.8,0.442453638582818,1,0.523395637857875,150.316297655775,82.910689192963,1.81297886074158
"f09",3,7653.8,0.473462817453121,2,0.672840561735615,95.3132956735617,55.5781374039627,1.70333406480672
"e09",3,12319.6,0.492673162824044,1,0.545497376359677,153.138587956097,110.349015871354,1.38785014783082
"d09",3,8108.2,0.464374880006947,1,0.529938624037932,135.521063812523,90.4731960707728,1.49798805900233
"c09",3,9189.4,0.456778435682123,1,0.654944781010096,138.010454303227,89.9423681294809,1.5344562505371
"b09",3,8919.8,0.454313190052678,1,0.593495740523061,129.365980294039,93.7264723255215,1.38049431047901
"a09",3,7803,0.471857364234498,1,0.610225814883916,111.266883646055,97.7633436534574,1.13831213221659
"h08",3,6828.8,0.390300435228436,2,0.716910807258166,80.951267961507,57.67548468298,1.40658106580613
"g08",3,1793.8,0.400387590482666,1.6,0.734615813077926,51.6900902667929,29.5971695801505,2.27926561065345
"f08",3,8882.2,0.437242409721228,2,0.716239226095778,87.0862281317652,68.4573874945449,1.26209411421537
"e08",3,9042,0.445809900197121,3,0.703995400011325,86.6850964724663,46.730221029193,1.85689586901301
"d08",3,5403.8,0.420482643079204,1.6,0.629797724493248,80.2094941682021,51.9915437949787,1.84808234564902
"c08",3,8772.8,0.446520306734968,1,0.429400465656473,140.009825782947,97.1742980791082,1.4408691244071
"b08",3,4776.8,0.438890839079394,1,0.718340877590367,83.7358829496835,76.0451005102163,1.10116784752994
"a08",3,9274,0.413972715887304,1,0.553930749773147,139.519891615015,93.4249996376473,1.49340026181416
"h07",3,11366.2,0.434705439975341,1.2,0.361818232021739,126.821724158149,114.835959562867,1.19327692228448
"g07",3,8118.4,0.443754269001578,1,0.474194747227796,132.40112619526,85.6259523976856,1.54630508880706
"f07",3,8935,0.486986194340135,1,0.316748034486759,138.180925442224,111.427586782349,1.24009386233231
"e07",3,9239.6,0.454098556756413,1,0.376446129489542,147.576279911678,96.1792285946715,1.53443254636301
"d07",3,5689,0.476686076606917,1,0.492922924631743,134.32473252975,65.3333789556655,2.05601079580612
"c07",3,8407.4,0.449362215627709,1,0.623260836255736,127.35162126619,91.3559188114833,1.39414290714121
"b07",3,7118.8,0.481144528610084,1,0.458756769584122,126.951182608123,85.0902022484977,1.49239776808136
"a07",3,13035,0.486671954708301,1,0.606692928031395,147.297416112881,119.590536346285,1.23169613563495
"h06",3,7628.2,0.4360215051535,1,0.351377414241059,149.005971388325,80.4536227111145,1.85646889503609
"g06",3,13875.2,0.496971601216886,1,0.45417579248004,143.969737236562,133.390982914608,1.07932232915889
"f06",3,2605.8,0.438987306007042,1,0.817544164579017,67.0882704421235,51.1467433391852,1.31194501777566
"e06",3,12284.8,0.505665096506745,1,0.312992361657948,156.103110150926,125.06111832564,1.24828720121923
"d06",3,4323.6,0.476475370663935,1.2,0.376983904892261,94.5283678997285,66.7313645705461,1.52222558486147
"c06",3,2874.6,0.436171822674853,1,0.679977261974571,73.8048261572512,55.9484832678349,1.31914037232551
"b06",3,5585.2,0.450795323785496,1,0.596979409846973,104.895025005733,78.970976981762,1.32821667350936
"a06",3,10199.8,0.448692761916877,1,0.587068038824474,141.76092544951,94.4301162865447,1.50309839926749
"h05",3,8523,0.394493712387186,1,0.395249192102582,168.584433887599,90.8891464673033,1.85481989807115
"g05",3,3917,0.426227851676098,2.2,0.660499944824242,73.7484969306001,28.5673944800819,2.65089765044909
"f05",3,6098.6,0.420011503937553,1.6,0.577260067005199,98.6163906154832,66.3373465270094,1.47440933735394
"e05",3,5682,0.429263540370295,1.8,0.617916307001432,90.5984984214014,55.7209675576636,1.65420803940656
"d05",3,7818,0.436663486684451,1,0.625396815956213,108.038955711075,99.5025338124321,1.08579300027977
"c05",3,4106.2,0.401888861703311,1,0.704739261202262,83.0803170850614,67.4663020605684,1.23151644570082
"b05",3,8767,0.437208311276553,1,0.652902367832893,127.057326776358,93.4802389723083,1.35933622881416
"a05",3,7784,0.404114178258638,1,0.683085147692125,125.42255702985,82.2247057327515,1.52543834230141
"h04",3,6303.8,0.430795776530357,1.4,0.411446219749751,122.595955500249,70.0964277911867,1.77269184792937
"g04",3,12948.2,0.483448794811856,1,0.505654700512411,150.209252708716,121.004217799249,1.24135689227058
"f04",3,6271.8,0.463999551555579,1.8,Inf,92.1687303645327,52.8930332548122,2.75330883672553
"e04",3,8018,0.479908276911713,1,0.461760898975075,151.685724171731,81.8337819762422,1.85380237003835
"d04",3,7527.8,0.471439970378116,1,0.383860120725889,148.983700811588,79.4137946070654,1.87604523604931
"c04",3,7275.4,0.485433125661397,1,0.569515729930392,117.325981947368,88.6602008266078,1.32346651571178
"b04",3,10036,0.46526983141181,1,0.530998773004398,139.475130501297,102.868741386453,1.35585960877341
"a04",3,10332.4,0.449486767083595,1,0.49332607820788,129.036176495931,111.777918111675,1.1544810343467
"h03",3,3235.4,0.403033449717892,1,0.49653511253387,110.222929783142,44.6961443523408,2.46609529187001
"g03",3,5377,0.496076908909996,1,0.544983798174492,130.923248308273,61.2353016225581,2.14198749112916
"f03",3,9136.4,0.539580080733608,1,0.341554388343215,150.854132722569,112.329146856715,1.34277879252628
"e03",3,6306.2,0.456190871325661,2,0.635393482568462,90.2563515018742,47.4125684944375,1.88478251942564
"d03",3,8867.2,0.478249704179408,1,0.360915012816627,120.180531610978,107.999269415684,1.11282116394034
"c03",3,7070.4,0.446935349751403,1,0.669066115250847,117.464239779594,81.1019873450879,1.44841258973066
"b03",3,5071.8,0.406741514401416,1,0.716030003548931,83.9114704514459,81.1586508028705,1.03390719506806
"a03",3,10113.4,0.440965837143139,1,0.460481855765872,132.675612840152,107.663282203133,1.23238671014208
"h02",3,12093.4,0.498914236575541,1,0.283216243617672,156.006805467617,132.436716291927,1.1780122952731
"g02",3,6781.2,0.487772321390008,1,0.464150285670626,159.211685836977,76.1837851202301,2.08984104073981
"f02",3,7447.8,0.484085313492038,1.4,0.377996007578098,137.584515611617,62.3373910111082,2.20360533541103
"e02",3,8451.4,0.490035203264254,2,0.67976706065417,101.331200404848,59.685512579404,1.68744790118465
"d02",3,5027.2,0.433150405341515,1,0.664897792055521,98.5572263768466,68.3724073615451,1.44179430792329
"c02",3,346,0.516732782474908,1,0.721458463979988,30.8913554496894,14.6828865499185,2.11457984728589
"b02",3,6629,0.443409983488659,1,0.574754906590727,103.766621429395,95.2882342758199,1.08911003287928
"a02",3,8722.8,0.454173768038973,1,0.516600283007148,113.579312846352,110.328672796431,1.02950389005447
"h01",3,8353.8,0.41663172887627,2,0.603807044091941,94.1573974778568,66.9157218215953,1.44540948658503
"g01",3,6324.4,0.418469708602747,2,0.770405496947913,80.8095053025353,50.6667857635932,1.63028591239158
"f01",3,6088.4,0.409990375210164,1,0.404736590608133,135.959088008934,70.0657734634764,1.94047120132396
"e01",3,7319.6,0.44583232389536,1,0.468992966440292,132.485540338816,88.5808072479068,1.49586452875749
"d01",3,5186,0.409568173121671,1,0.493243036164278,134.601601640147,62.6344477321528,2.14905651712178
"c01",3,5516.6,0.386773492847861,2,0.773003118831196,73.645564970883,49.3011107959184,1.4955140636018
"b01",3,8087,0.430404956346474,1,0.378095414026527,153.859785129487,87.2113167713788,1.76419078639707
"a01",3,7803,0.437086358250713,1,0.385102255212005,159.025862494133,83.0094294997911,1.91622801074243
"h12",4,8132.4,0.44813641341575,1.8,0.626763215833192,101.077025096027,66.4209869489688,1.54615490379104
"g12",4,7023,0.459391394757632,2,0.61052348948291,77.2623873945676,51.5276056557869,1.66144981947694
"f12",4,5514.2,0.427124228039835,1.2,0.654689614022159,108.431077433934,56.9102064020029,1.97319116613058
"e12",4,3710.4,0.405802670900713,1,0.685894018458223,90.9675946485745,56.8274370133048,1.60056290377492
"d12",4,6593.8,0.457789982926456,1,0.370770928958601,136.654082880627,85.0590670665367,1.60657571958067
"c12",4,5595.4,0.422704996025435,1,0.481055315680814,127.026677825205,74.0154117604027,1.71633589037683
"b12",4,8239.4,0.462658003228288,1,0.436214282153873,157.014331552455,87.2158303167654,1.80034664348003
"a12",4,7431,0.429709486489556,1.8,0.599383309552502,107.437482324317,56.1241838532222,1.79002701154668
"h11",4,5175.4,0.423631130525138,1.4,0.64931735707595,101.949834302843,55.9525079087744,1.78086304970182
"g11",4,5200.6,0.436036932802498,1,0.540285475297986,107.334494087014,72.3344821036993,1.48385525321056
"f11",4,5998.6,0.431572557047987,1.8,0.691504092394823,80.5265402131318,55.9224452454745,1.45974715252699
"e11",4,3949.8,0.417108479929347,1,0.667577652558691,97.7860743369862,57.0592358720083,1.71379846102813
"d11",4,4539,0.382713767934573,1.8,0.823665597975549,69.1641719162781,46.6271889581526,1.47801704431579
"c11",4,5425.8,0.423505434631817,1,0.487978661199071,120.87808335036,70.3122985251552,1.71920831851355
"b11",4,6735.6,0.450225866761959,1,0.401695938679749,124.599565468237,95.4715174652022,1.30547453325513
"a11",4,6046.6,0.429313989572369,1.2,0.430091266194831,116.972087763956,73.7866496861847,1.55855108790424
"h10",4,8271,0.450601969624686,2.2,0.579526864029741,97.9823072507856,57.2504493243452,1.71297955839812
"g10",4,3804.6,0.453675740216044,1.2,0.486715498041454,114.946835342816,48.7589709700317,2.32294376827611
"f10",4,7026,0.462873376262272,2,0.695609009163365,84.8004433430906,58.8850309234083,1.46300047135378
"e10",4,4487.4,0.457843965284047,1.8,0.796346293636852,72.8222331837401,44.5926779184201,1.61481988513124
"d10",4,6576.2,0.434341465733471,1,0.545197471793857,127.385665064225,77.0306250775761,1.65377668887845
"c10",4,6382.8,0.460707174151331,1,0.396858275412981,151.984929437749,70.796186273957,2.14690788541459
"b10",4,7416.6,0.458361426556074,2,0.739953907627209,84.1125352098071,53.4027189963639,1.50770472087763
"a10",4,7614.4,0.448355665252736,1,0.348483644903806,129.941230585446,101.113484864196,1.28528855014442
"h09",4,3154.4,0.391977036245897,1,0.807132370863021,77.5798488407742,52.7218954131853,1.47177749945278
"g09",4,9396.4,0.441453273226098,1,0.484622675035959,136.466023562148,98.7776451547746,1.38170309963896
"f09",4,4345.2,0.405450248703815,1,0.723593045482211,90.225322753236,64.9544292397992,1.38910053427231
"e09",4,6151.8,0.451954581058617,1,0.704866986701998,98.8540270438288,83.5887963715447,1.18273056238321
"d09",4,8723.2,0.451856417323508,2,0.608649776276598,90.4213849093883,66.1006851119845,1.38920565923235
"c09",4,7726.4,0.421729909100426,1,0.582605826134639,153.954987100719,66.4987567314108,2.31515120864699
"b09",4,4218.8,0.465179341635789,1,0.547558819676153,121.013766614898,48.6432045034967,2.4884480703046
"a09",4,6414,0.430434883815906,1.2,0.74007821051674,98.0856325344765,73.6890986701441,1.35806436311314
"h08",4,7700.2,0.394957305387308,1,0.602853858709112,117.903342561322,90.3004103272215,1.30578490142279
"g08",4,2730.4,0.4134500936412,1,0.779584861827642,75.1163405305827,47.3854451498249,1.58527636763194
"f08",4,4913.2,0.447879613112705,1,0.582253104711263,108.30289172884,65.0587505887144,1.66481843251326
"e08",4,8528,0.432150096120558,1,0.621576528598155,129.080019975694,89.0354199506045,1.44979622361146
"d08",4,1017,0.561726287986547,1,0.866261970276183,42.1888133113273,30.5694650777557,1.39232460065936
"c08",4,6832.8,0.44946014171682,1.2,0.469140590141137,129.655589933852,73.750184677608,1.74205138392479
"b08",4,5521.4,0.504193315818562,1,0.49732306373658,121.457946613421,71.853869953246,1.6905320244865
"a08",4,7117.4,0.422427334481106,1,0.354890417951153,147.304359070492,98.9619267154424,1.48878588949394
"h07",4,8723,0.429449608784715,1.2,0.505004938366247,136.861723216368,74.8597113358183,1.77438021526655
"g07",4,7306.2,0.473117996216211,1.8,0.593346753481035,107.813617944759,57.8386118765837,1.95233173747067
"f07",4,12332.2,0.482932371427526,1,0.408270153634513,155.067034285617,115.600509894657,1.34142297678703
"e07",4,5885.4,0.455712841182822,1,0.481328783915342,125.002142873686,71.7702037002467,1.74170223976726
"d07",4,9305.8,0.48786278678327,1,0.410088986552728,142.876888093786,103.740781180977,1.37728771851038
"c07",4,9092.2,0.454114917805862,1,0.406072391766283,139.851533978961,101.126665113307,1.38292475640434
"b07",4,11635.6,0.486090583664241,1,0.433905732054053,139.791467645554,128.030280048683,1.09197576847058
"a07",4,12128.8,0.454791401323276,1,0.443582835606883,148.705397950271,115.902297797526,1.28304295709499
"h06",4,10581.2,0.467596553756691,1.4,0.650041466729763,102.245239016213,96.4863617033636,1.11695041950143
"g06",4,6797.4,0.464267290100457,1,0.70079426629128,115.077558643342,77.5590081418387,1.48381419443855
"f06",4,3339.2,0.46873225006524,1.2,0.876577039554348,84.3833342039421,43.648251099958,1.91392100273118
"e06",4,5648.4,0.471114013090222,1,0.629432329694837,97.8409231751094,78.3385402118877,1.24938605025998
"d06",4,9655.6,0.477175635061469,1,0.600443194087074,156.378176020965,90.5253333994673,1.72750010862919
"c06",4,1696.4,0.51394775349802,1,0.773359607689544,59.3983640422397,37.6107351692326,1.57903083391443
"b06",4,14504,0.506653546640791,1,0.581703397471475,143.094018984291,136.766104447672,1.04657338822607
"a06",4,9509.2,0.461945047914418,2,0.713554735600665,85.4753287333702,55.2979228020146,1.59603480858127
"h05",4,11510,0.473943206813702,1,0.472050506308753,127.952355668264,122.939605155197,1.04073637520277
"g05",4,7274.8,0.423437959717788,1,0.603928888426776,134.341569329265,74.8754063378053,1.79436442818971
"f05",4,5141.2,0.474576554882652,1,0.46017133451283,117.540396992722,79.4649050998788,1.47918612153192
"e05",4,11089,0.482735375324876,1,0.621419943912308,136.484028985755,112.887990630684,1.20906366237102
"d05",4,15475.2,0.502115666256205,1,0.51922620569006,149.809540466747,141.522598927885,1.05860702264093
"c05",4,7250.4,0.50726011699814,1,0.341617169279036,159.439137435572,76.0283578969885,2.09713371848491
"b05",4,8126,0.495185252138331,2,0.671206518931187,97.2368961628087,57.3746196927224,1.71144179173407
"a05",4,5708,0.452316987159065,1,0.624352379258029,126.596777651785,58.9596611406481,2.14779018501807
"h04",4,5213.8,0.427406405547015,1.2,0.687742663095185,85.9076619720974,70.0170595242228,1.34713731050709
"g04",4,3818.4,0.419850825299344,2,0.893893241001898,54.3521398471642,40.4124326405368,1.3194869421373
"f04",4,3254.8,0.45368131869521,2,0.881265641514222,52.0695073720969,39.3845354872432,1.31140590857439
"e04",4,4201.4,0.463170656481695,1,0.666994421635554,96.4011248782298,60.7947650567142,1.58583039808341
"d04",4,6143,0.435586451686274,2,0.686304053694361,85.9401215660814,48.0127811062648,1.78813042962378
"c04",4,6623.4,0.4512554977455,1,0.418925759092188,134.176193744126,79.3063324182759,1.69194595350802
"b04",4,4888.4,0.453876083874335,1,0.60957338989355,118.586260881317,58.8628854693235,2.01479429707756
"a04",4,6999.4,0.407320860732489,2,0.690966669520365,94.5638586956644,50.8446088526039,1.7765044991234
"h03",4,4295,0.43482195266447,1.2,0.643458484418877,95.2776563383915,53.4200727153584,1.82268088482948
"g03",4,7774.4,0.485461723041909,1,0.510486198347455,139.086060764705,82.4211237533758,1.68753061522319
"f03",4,2422.2,0.457185877964495,1,0.783951085315559,65.0771019974176,48.7530257454808,1.3346975573431
"e03",4,6910,0.497764917462618,1,0.547821641555857,124.543233187852,81.6294719383733,1.52568628202014
"d03",4,8975.8,0.469938557674217,1,0.388525994465125,144.851290280986,96.9564471269701,1.49406476450443
"c03",4,7416.4,0.473394220895547,1,0.556547084406004,113.915628833303,93.733382381622,1.21552125500348
"b03",4,6795.6,0.489238421179728,1,0.368685611775928,148.109794650884,83.7165059187312,1.76919584980107
"a03",4,6608,0.445405816768312,1,0.490546915537243,131.507132091157,76.9492768701764,1.70894622991559
"h02",4,4197.8,0.429828501385631,2,0.729019652935393,64.3373904308659,37.0891196962346,1.63283390458158
"g02",4,3252,0.407735994084805,1.8,0.868387901554113,56.1481995739148,41.0053574483741,1.32564493195146
"f02",4,5292,0.438582971296433,1,0.478986891089618,116.142054676234,71.9445649243111,1.61453635732586
"e02",4,7186.6,0.446649141005428,1,0.411801307343953,120.544849825111,98.1512039486324,1.22829320104051
"d02",4,7381.4,0.439164080913514,2,0.647300345436846,93.992364293984,55.5304218879764,1.68629419948526
"c02",4,5913,0.43003220120212,1,0.461796465600167,139.719253011097,65.2063781182925,2.14305972580893
"b02",4,4736,0.420899541341031,1,0.479107112849273,105.617319805608,74.5630373035928,1.41652133222683
"a02",4,6247.4,0.392241458035068,1.6,0.530497789358884,108.101481844411,63.8721274629772,1.65945794675218
"h01",4,7595,0.463923405169715,1,0.603104597970409,113.041786383888,93.332772713073,1.21118723377142
"g01",4,7368.6,0.453835211490437,1,0.433890178566986,162.287660567618,71.9344973640934,2.25627301436128
"f01",4,5467.2,0.463344123890789,1.8,0.656600276006623,80.3368298059243,54.9606463003698,1.65995993998165
"e01",4,9742.4,0.49000098227229,1,0.448338873043598,164.763934244851,85.0939482709436,1.93649466510845
"d01",4,7653,0.474845309262695,1.8,0.584685685505963,107.561574528301,60.4281782530074,1.68850601644144
"c01",4,6599,0.465562393717956,1,0.488089990708517,156.455733317717,63.6979685329314,2.45626530041356
"b01",4,8482.8,0.48425414779017,1,0.410262738405568,140.132521056088,103.646004638201,1.35212336072183
"a01",4,5787.8,0.449896119846473,1.2,0.36835364595691,128.926464433425,71.016981114976,1.79274105299516
"h12",5,2390.4,0.342201770563082,2.4,0.816259020075524,39.4031571695716,24.863733350355,2.07829764805232
"g12",5,6501.2,0.427337893568284,2,0.620867859672969,98.0695715632141,48.062114804195,2.01569406640522
"f12",5,5015,0.428569253020516,1.6,0.533705831319857,102.919596122978,42.1418298176555,2.26159530322536
"e12",5,3851.4,0.437921622500611,1,0.362731055437399,127.746295645022,46.3814660075158,2.7547600649541
"d12",5,8490.4,0.415054116787887,1,0.509544165964901,146.646566893741,78.4704489990021,1.86931319073114
"c12",5,10782.6,0.43602189538921,1,0.447219978903318,135.811622096387,113.010787382255,1.20183563164006
"b12",5,10469.2,0.459996330795548,1,0.284470047951373,167.271337147153,119.882154226242,1.39534587494687
"a12",5,6996.6,0.419130288257052,1.8,0.599672503020792,98.9776559777636,53.7217719292362,1.84292882397629
"h11",5,6603.4,0.395803624138818,1.6,0.34582300290526,103.093653504099,65.8938849277751,2.14320999808701
"g11",5,4275.6,0.422213251759367,2.6,0.74258173856842,60.1328290187442,32.6115637051054,2.08494965482889
"f11",5,6067.4,0.399288263443805,1,0.442434042387543,116.816977079306,81.366084502993,1.43575363264434
"e11",5,5482.6,0.384306393938376,1,0.422775954724684,134.814987433559,56.541269876284,2.38440055742134
"d11",5,4055.6,0.401692756245884,1.2,0.504890081641828,94.2621761905593,51.1677134811881,1.85310232810493
"c11",5,8575.8,0.398432523721497,1,0.428872836657732,125.001001473505,97.2066256479036,1.28594445602063
"b11",5,6045.4,0.413951222842026,1,0.441331567008368,117.251399727799,76.7400122027013,1.5281607926262
"a11",5,11527.6,0.413113429832794,1,0.347150885220489,150.38124034413,120.984004755506,1.24320684883951
"h10",5,7718.2,0.538920159156229,2.2,0.63109915052848,96.6120294859204,48.5999976829106,1.90419816059892
"g10",5,5514.8,0.451083249201829,1,0.424079020575403,131.293329919361,66.3000516426767,1.98029710325569
"f10",5,5349.8,0.434045363703041,1,0.448608902135992,113.934733065152,74.9036844463402,1.5211401403258
"e10",5,3951.8,0.454900203854906,1,0.490169802384275,108.199470021902,55.8658059794459,1.93687986818719
"d10",5,3802.6,0.438314856985918,1,0.466436599691854,97.0852711447119,68.4549471118943,1.41828470634068
"c10",5,6694,0.443688836513946,1,0.367189651642791,127.820390524786,81.0586984488272,1.57692342535535
"b10",5,4843.6,0.479138070986323,3,0.860407395743982,51.000870542786,33.6073245414125,1.48298452381221
"a10",5,10135.6,0.420866019631461,1.2,0.341372545735835,145.997068166195,101.440364552902,1.51453526394592
"h09",5,6999.2,0.416939964783933,2.2,0.493568281418616,86.3641318185748,54.4864518562971,1.87079018619572
"g09",5,4515.4,0.415274311660422,2,0.638255181280807,67.7127902617957,45.5584804740852,1.50007266134583
"f09",5,5583,0.452185989909576,1,0.444220945844809,120.644076172676,71.3079814021222,1.6918653075775
"e09",5,3540.4,0.451838873485606,1,0.496563857229236,92.718062002228,57.5648936919978,1.61072909516074
"d09",5,11805.4,0.471568598757227,1,0.366722579177044,141.891092976071,127.003855853066,1.11719896428763
"c09",5,7207.6,0.44701768123127,1,0.362078894440468,121.831990619896,92.981447252582,1.3102898095683
"b09",5,9178.4,0.449234642805624,1,0.333137843065124,160.871063566392,90.472667006553,1.77815067562207
"a09",5,10865.2,0.446323763018143,1.2,0.373442884228346,146.735610900396,105.23304062855,1.55293680714537
"h08",5,4263,0.388275566642942,1.6,0.797603765466329,73.2126198016113,48.1228777757375,1.59966140038721
"g08",5,5742.4,0.42127742597037,2,0.624084198879229,85.7725048892679,48.3537100224431,1.7737680446018
"f08",5,2800,0.391607920721589,1,0.675322568355767,80.3480689247125,48.786531718966,1.64704191287672
"e08",5,2909.8,0.510057410345345,1,0.522077264699398,92.8262080126945,48.1268857289814,1.92306590252627
"d08",5,8601,0.442115131727484,1,0.492312516696807,129.278504476546,99.0446923279549,1.3052794054014
"c08",5,7657.6,0.48124006594717,1,0.262841461453142,135.473950230164,98.0428050344686,1.38177601468968
"b08",5,8627.2,0.54631252835203,2.2,Inf,86.8320447054566,51.7286585783396,1.37040962515054
"a08",5,6986.2,0.443991562770912,2,Inf,85.4128979477126,49.3854730018505,1.62253322795688
"h07",5,8227,0.454816896644984,1.4,0.555302796836479,121.273713046584,67.995455566495,1.81343755029626
"g07",5,9106.4,0.472390319850293,1,0.263398374635957,149.432289141538,117.562285562297,1.27109274934196
"f07",5,5952.4,0.414550584351286,2,0.640844785456821,96.2319829289648,41.5110460940771,2.20024329215789
"e07",5,10474,0.478471024857142,1,0.355727543728305,163.220203519072,102.521757279576,1.59213903321937
"d07",5,944,0.441915012973647,1,0.893042110431419,38.1635182698008,31.6954698270336,1.20399195931669
"c07",5,5650,0.401453980074095,1,0.558866630968376,112.623857580087,69.8400046483245,1.61264990623288
"b07",5,6288.6,0.45724805163974,1,0.495557066513605,122.877867394343,78.7271844010203,1.56148922410756
"a07",5,9771,0.458392128349742,1.2,0.354128653614257,130.886807523693,92.7794195839516,1.54682768869468
"h06",5,6394.8,0.412845099440587,1,0.284533981653464,128.737027118131,78.1670519197084,1.6468467051681
"g06",5,5152.6,0.436641294903257,1.2,0.52207057964111,107.218814254566,65.2195717835929,1.66728264627538
"f06",5,8209.8,0.464997952800705,2,0.492002171136665,98.8789988880466,62.2912078288435,1.65335148640912
"e06",5,7229.4,0.482058493624868,1,0.356154353755862,143.580352019888,85.9436039271154,1.6706776961968
"d06",5,7542,0.479095571313641,1,0.381015917317181,158.539560748746,76.6852619573931,2.06741437765912
"c06",5,3404.8,0.434275587431156,1,0.524500924868572,92.8484736586762,54.6197105268806,1.70027766265749
"b06",5,4268.8,0.447765476591691,1.4,0.969656603410379,86.829641473987,46.4417366672765,1.83334735707203
"a06",5,5197.8,0.465484681992865,2.8,0.66519327565148,60.7414121266788,38.8959919279608,1.62154037195247
"h05",5,7494.2,0.394496455402905,1,0.195266792069098,148.287425932099,102.980596218859,1.44050590041341
"g05",5,5742.4,0.438280320822982,1.2,0.360325240296853,93.8811707775501,79.0472869856378,1.25202866678543
"f05",5,5016,0.405041648246259,1.2,0.571489257358342,93.8049416280591,65.118357713568,1.47269644204982
"e05",5,8342.4,0.41188083393905,2.8,0.701034043512328,83.3842320916944,48.8403308470157,1.69607735144735
"d05",5,6695.8,0.42011412719048,1,0.462223841155638,121.874630481354,79.9247487051691,1.52492706229143
"c05",5,4089,0.417635709034889,1,0.600405933892981,100.3394779615,57.7004349265817,1.7392278909321
"b05",5,6049.6,0.395290942113573,2,0.695027522786831,80.7627300376841,51.5144574422974,1.5696778761629
"a05",5,5401.2,0.372964608977212,1.2,0.354593826050175,119.555433817458,63.3961041435485,1.92711934441596
"h04",5,7366.2,0.448561194517774,3.6,0.633780103970679,75.1654177160136,34.9795720506592,2.2438296493909
"g04",5,7479.6,0.439411205222033,1,0.299405450086021,151.97280113261,87.6746503161552,1.73346515757113
"f04",5,7333.6,0.472501521045712,2,0.567646224376355,103.722343786544,65.8978436786219,1.64719468593355
"e04",5,5309.4,0.447435531724591,1,0.526365995959028,100.407300917084,79.1977155859832,1.26780084831593
"d04",5,5279.4,0.499924691299137,1,0.452678485241077,124.732171167247,67.2332125950166,1.85522302424385
"c04",5,4127,0.410199065292956,1,0.476181285663386,103.340171213321,57.5304643493167,1.79632575856123
"b04",5,11349.2,0.451039897905607,1,0.352106293388348,154.565466558802,109.362210046109,1.41335559320499
"a04",5,5200.6,0.392224262216348,1.2,0.583536794067929,92.507416806894,69.4514895085465,1.55052433403494
"h03",5,4086.4,0.471577861239627,2,0.588926236003864,86.1315492244685,40.6811771420355,2.15964673281327
"g03",5,7218.2,0.457353124565358,1,0.366616843098873,131.231580512468,83.4851896772596,1.57207457624856
"f03",5,4610.6,0.411044954143043,1,0.528329972641801,98.6841755518214,65.3515077461996,1.51033166564284
"e03",5,5288.4,0.447320915512962,2,0.685424708667473,72.2422863823257,44.3287606443068,1.50329087917301
"d03",5,4372.4,0.49598887076093,3.8,0.820666003090806,42.9879133712086,29.939933119458,1.55234292557521
"c03",5,3965.8,0.388243273187494,1.8,0.748042802162197,69.5311442223651,45.3746793663051,1.50342975683617
"b03",5,6019.4,0.444352581357962,2,0.515821604292703,90.4727344416896,49.52811843059,1.79777405595903
"a03",5,7166.2,0.469872058075765,2,0.687113005806788,74.7635977094366,62.4428076108532,1.20124471571874
"h02",5,7168,0.45357723768044,1,0.545057393380923,139.847006998264,72.5785579337819,1.92683248074799
"g02",5,3877,0.423111379415911,2,0.790859028132851,59.3500583708421,41.9749012101097,1.3575318598276
"f02",5,4531,0.445532200100264,1,0.560056900406926,109.409232119508,62.2962277850613,1.75628906908328
"e02",5,7986.2,0.479245134165227,1,0.591768501158426,129.237395011804,85.5992244723064,1.50994093884352
"d02",5,6355.2,0.454162012002925,1,0.361889442563982,134.957130280137,71.9207986024349,1.87642395542938
"c02",5,6096,0.421380224581614,2,0.625465548284054,77.7793166720854,53.3487482060633,1.46103543527607
"b02",5,8906.2,0.423952072673933,1,0.517241262108248,124.481106595028,96.2606845173202,1.29343034843209
"a02",5,8868,0.453851605073562,1,0.362515047512661,146.881397057708,89.000517723047,1.65016395437979
"h01",5,3877.8,0.517637435222118,1.2,0.758178962066298,85.6670263912508,49.4669957922979,1.73534766166346
"g01",5,3369,0.380413537974435,1.4,0.704872099221511,78.6703815925372,45.0263731679148,1.74960087175949
"f01",5,4513.6,0.397677563197639,2.2,0.806611774891058,57.324072797902,44.9948958914767,1.2832287562051
"e01",5,4245,0.452716559306505,2.2,0.830244209908878,55.1549050927162,43.2226035199329,1.24419339176819
"d01",5,5140.8,0.44909006120489,1,0.407283507564539,133.648016306016,62.7865955652144,2.12871660777849
"c01",5,3809,0.333825123206511,2,0.832031486364643,56.0747496185833,41.9203700771422,1.30446599159468
"b01",5,4198.6,0.413825096243346,1.6,0.586840970793224,75.9234663442051,51.7807766966363,1.4487010839309
"a01",5,7809.4,0.424657042317298,1,0.301789607678495,141.068335247399,101.906546541113,1.3844023778034
"h12",6,3403.4,0.402075948237282,2,0.874205090832867,51.2841858453169,42.4514412954151,1.20826786391033
"g12",6,8899,0.360619168771599,2,0.772795685670871,91.555679193039,63.5305400042916,1.45122606790279
"f12",6,9459.8,0.416716958471052,1.6,0.451502924581915,123.089084773644,79.4715778859585,1.49192987921172
"e12",6,6714.8,0.419394517274619,1,0.299188339665251,155.225114534415,77.5150032561757,2.00256741543423
"d12",6,4323.2,0.342281920607553,2,0.736689838655437,69.0508451212938,42.95591398576,1.61921467545654
"c12",6,4584,0.378263599045113,2,0.754290295212568,66.9787780543869,46.7067939143469,1.43484254593092
"b12",6,2459.2,0.316561923731966,2,1.06848399691685,42.6773392223628,30.2323641897331,1.54518038842304
"a12",6,6317.4,0.358165075199641,2,0.525098418113566,101.943613391159,48.0062996135207,2.22132121014081
"h11",6,4011,0.318910283066258,1,0.540492243453803,92.8853599375466,60.7551563147982,1.52907422622749
"g11",6,9556,0.450642225304988,2,0.620863481718131,93.1783257635875,52.8752600393256,1.71380824480526
"f11",6,9490.6,0.435964797329952,1,0.34765598132612,151.592046932471,110.564027314516,1.37110682157134
"e11",6,8691,0.452440793884296,1.4,0.353682057349907,144.017574632261,83.9277619801851,1.82848512293014
"d11",6,3024.4,0.386845284732022,1,0.704805043103907,80.7468223730352,51.1365393076449,1.57916590039247
"c11",6,5198.6,0.379575671279183,1,0.546950195395084,120.115175077431,62.6078728707784,1.9187211473188
"b11",6,4818.6,0.437376608730764,2,0.732548481653274,64.3714545374214,47.0445053076145,1.32791466142872
"a11",6,10397.2,0.447746606448637,1,0.322287749687787,155.234862975178,101.627840428848,1.5277543196651
"h10",6,4801.2,0.33427314880524,2,0.712550926316608,74.1893862827377,43.6153841728096,1.72823280889596
"g10",6,2354,0.335668801668699,1.2,0.450331524154908,64.3517585392351,39.07373642061,1.26075898941181
"f10",6,2093.4,0.503945991646453,1,0.693465040305663,72.7973991859799,39.3842899572743,1.84884545794057
"e10",6,5135.6,0.360375764165548,1,0.360979462032101,127.186964627344,69.6192673939553,1.8269558437101
"d10",6,2454.8,0.349917449166159,2,0.860585657920035,44.1609015026273,35.7920961845479,1.25347241601907
"c10",6,2054.2,0.38303217261043,1,0.831640213904015,60.0483561030499,44.1695688670531,1.35956782304229
"b10",6,3513.4,0.426438666650148,2,0.679144204652794,71.0416205455595,40.4482945081738,1.70753384595015
"a10",6,3009.6,0.351149106963045,2,0.803014521738297,62.8061926672478,31.9511636896848,1.78259777486115
"h09",6,5549.6,0.38773408199623,1,0.386159852450532,145.540502635876,62.4894066331276,2.32969513698108
"g09",6,5828.2,0.430971455135129,2,0.596181125189334,84.9948295232278,51.4952074616002,1.62660030310492
"f09",6,6883.4,0.457354957309395,2,0.483633955092362,101.492598376246,47.6826827944971,2.22455239848703
"e09",6,8079.2,0.502056266556946,3.6,0.611233933829935,74.5750164538749,45.5571721762922,1.65761110330412
"d09",6,752.6,0.444843179301979,1,0.931677254821729,32.1746207299898,29.8161804488476,1.07903337951781
"c09",6,4262.2,0.388057356145759,1,0.585829352084087,93.796268903803,62.9867115852434,1.48913640667673
"b09",6,4495.6,0.408757403525026,1,0.528890676289724,103.177897497394,63.9835963965095,1.61248023722972
"a09",6,3276.8,0.498456906951419,2,0.843402167424401,54.6259662138746,37.8409762829543,1.4343724462548
"h08",6,4110.6,0.391684914758044,1.2,0.470348139786573,115.461417319609,51.247223403566,2.2184410889062
"g08",6,4923.8,0.42976236594555,1.6,0.503728370797987,97.0266781942824,46.4307577281882,2.43981566453398
"f08",6,6081.4,0.454200725883733,2,0.588678747686625,80.5420877507063,50.0534362766019,1.68313329403051
"e08",6,3008,0.403772592581546,1,0.651592862247119,85.8496305100828,48.6258943296135,1.76558022134956
"d08",6,7650.6,0.457176450861886,1,0.3776090955736,148.2232309955,92.5861886672875,1.6009591921212
"c08",6,7008.8,0.459671760350939,1,0.397603603974388,167.797999993307,65.9327035917011,2.54509462285646
"b08",6,4374.6,0.519947322553144,3,0.754674268126117,61.6587114331695,32.6974006572464,1.81773635782848
"a08",6,8436,0.404204734227506,1,0.357061954358076,137.986283666442,95.3392410265115,1.44736716243495
"h07",6,953,0.462206899341346,1.4,0.705000235074644,43.5202436397485,20.5599098702268,2.12950180426955
"g07",6,6967.2,0.407623531820601,1,0.363967250282571,154.546631873715,83.863166954908,1.84280571060466
"f07",6,4990.6,0.389602322340053,2,0.719123899802341,70.8351430464065,46.6678530130072,1.48480283355945
"e07",6,4410.6,0.382660028706151,1,0.526143975480513,97.3428142199211,64.7399216408254,1.50373062860863
"d07",6,2151,0.369717342872326,1,0.720342737680912,65.5422621939201,44.6353907908081,1.46842733630078
"c07",6,9764,0.410572746597212,2,0.53043838115214,114.667275149101,55.2826819686204,2.06323806841909
"b07",6,2976,0.358687143809536,1.6,4.2854405091299,69.1082611824009,33.7695319483927,328.973194727641
"a07",6,4137.8,0.353502447604756,2.6,0.846478914861132,50.6073046509628,36.5436149087054,1.58220512551852
"h06",6,8913,0.445490781937162,1.8,0.428867686252248,89.6125641248302,67.1874580341994,1.57438292432374
"g06",6,4731,0.463117518763086,1,0.34652546336325,113.556260254868,69.5373318227922,1.63334562153573
"f06",6,5841.2,0.452495297097326,1,0.545791744335341,109.569182670193,78.8542608382913,1.38955259569379
"e06",6,4662.2,0.429115410383786,2,0.6803015993075,74.7174231833312,42.713894762502,1.7519272611204
"d06",6,6687.2,0.460635215203028,2,0.6379566417964,91.2602408415525,47.5617451831967,1.78450194828811
"c06",6,2142,0.438089085288354,1,0.730843315786442,62.3477390313797,48.1487964600106,1.29505788527484
"b06",6,2912.8,0.382236794194976,1,0.673181561892366,91.8100046944029,43.1002309403688,2.13023754593483
"a06",6,6707.4,0.433021288842368,3,0.759550240845091,62.3372140644351,44.7193685858314,1.43699914728497
"h05",6,1485.8,0.511373851556669,1.2,0.534905546282722,58.8243391978989,29.2210928223132,2.07991203844705
"g05",6,3595,0.383742897113204,2,0.893741501095238,50.8781147636043,43.5586446888647,1.15153586910148
"f05",6,5663.2,0.436607668121097,1,0.458563658018721,109.835560104454,80.9861958676622,1.35660344355324
"e05",6,3189.8,0.447079679028887,1,0.476943953994562,87.308566419582,66.9226945733486,1.30468455330839
"d05",6,7329,0.409109390170701,1,0.562603702725262,119.569158318667,83.9903483585017,1.42357089889244
"c05",6,2823.4,0.503013298768788,1,0.599502313685774,85.7901244438901,47.8056400014945,1.79483612327683
"b05",6,5813.2,0.406079167915562,1,0.496613535916648,114.950124396293,75.1848880313795,1.52888653755985
"a05",6,4827.8,0.349104820825923,1,0.674192934018281,97.913560717677,65.4780285330537,1.49547373549608
"h04",6,362,0.527596757650276,1.6,0.595452903127717,25.8653360063642,11.4733873284341,2.59070164235041
"g04",6,6910,0.444753706485767,1,0.393687802425902,160.345027214776,67.1680317139379,2.39184382414145
"f04",6,199,0.516100917385553,1.8,0.982007277983523,13.9170332948781,8.3758164090492,1.73624855786068
"e04",6,5501,0.408900809723083,1.8,0.512643340290782,92.0758478560839,46.2343077497193,1.90368427536039
"d04",6,9211.4,0.444390489893651,3,0.580333007574719,94.2115033757385,44.691241692483,2.09365120453159
"c04",6,12090.8,0.462962177425796,1,0.237620504209646,138.954006747415,133.766185047497,1.03882735854138
"b04",6,6823.4,0.431486351697713,1,0.409110627602017,131.937934220388,78.4287925137904,1.68226329815188
"a04",6,1915,0.40850919348366,2.4,0.676787680186275,42.5855577459524,24.921187709192,2.51235699389494
"h03",6,7768.8,0.433669403671118,1.2,0.357799012427469,145.662507776903,78.9914470362444,1.9417662817765
"g03",6,9599.4,0.47282047146866,1.2,0.579788300576686,141.753031749229,88.0226468334799,1.55077859974164
"f03",6,876.6,0.483486311552465,1.4,0.710775219348364,38.8309921317282,23.8350461113513,1.59924116835129
"e03",6,4569.2,0.411169477997394,1,0.518334029511423,135.507831366217,49.4272169376029,2.74156318277379
"d03",6,8528,0.449875139658507,2,0.557294613435623,103.342230596839,61.7954399743729,1.67266773840205
"c03",6,6357,0.405225453129437,2,0.721581060809792,73.7219322515694,59.5327234180477,1.23982773117577
"b03",6,8610.4,0.516425803956918,1,0.500165261384097,159.34336215662,82.1718383027196,1.94611979494273
"a03",6,5413.8,0.394499124395459,2,0.556090341656744,69.1417245137359,38.9004183358119,1.66719127240331
"h02",6,559.2,0.483419537248248,3,1.08931368242336,19.6392439386244,9.54453295409109,1.91862771590104
"g02",6,5176.8,0.472596561545937,1.2,0.465111333326032,118.06981153429,63.1616426354954,1.86386495542209
"f02",6,0,0,0,0,0,0,0
"e02",6,4895.8,0.45867485746455,1.2,0.65337161279772,85.4202986127401,69.4887363098513,1.23184469004455
"d02",6,11022,0.476421082630831,1.8,0.405485645315523,135.053200878292,76.8845840584214,1.83614831067926
"c02",6,8220.6,0.472976990740293,1,0.287115691251277,148.397645153573,98.9773054151179,1.49683211316636
"b02",6,9182.4,0.453678230692569,1,0.242493251051641,140.329389951532,119.050165680234,1.17907994957085
"a02",6,7843.2,0.404233050889443,1,0.308279110602662,121.522551177315,102.903702714425,1.18093832293862
"h01",6,688.6,0.483812890610287,2.2,Inf,25.7292017347611,15.3293500081688,134.903308462679
"g01",6,2067.4,0.383045845084972,1,0.806314103515431,61.0482613642578,44.8442220125801,1.36133954390049
"f01",6,6673.2,0.449784083544709,1,0.454738184696709,133.659003618874,76.1820138261724,1.75443866080116
"e01",6,235.8,0.459006358925475,1,0.825376850960776,23.8533232596637,12.6530306355761,1.88784857860915
"d01",6,11862.6,0.437751115812756,1,0.303431644955372,157.994962205742,120.074921948906,1.31596033071323
"c01",6,12397.2,0.478120724771149,1.2,0.349620831953528,130.971965561547,118.150259257078,1.36767264429743
"b01",6,8199.6,0.523566898018937,2,0.588672832057903,109.655780866315,54.4721154392713,1.95367332750835
"a01",6,2811.6,0.416906768402187,1.8,0.808622063288664,55.0328607004372,34.7987247356148,1.61008708501507
"h12",7,4489.8,0.430186018177722,1.2,0.413244824524747,97.9306508445425,65.8889882178468,1.56172452155086
"g12",7,4683,0.450793002202063,3.2,0.697775202066112,56.7807728172381,29.6604392743479,1.83253641730254
"f12",7,6438,0.46012474596099,2,0.650331378283228,78.7742713069303,48.6477439387952,1.58264591300802
"e12",7,7410,0.43558576526063,2,0.467480190399162,113.640556455872,52.634974929369,2.13217677177492
"d12",7,5956.6,0.425190993691326,2.6,0.676692537935091,71.0574797545077,43.5505174321906,1.60189320765237
"c12",7,10483.8,0.5084504519025,1,0.324359610265855,151.82933351028,113.862109964179,1.33352219798632
"b12",7,11972.4,0.47625187350544,1,0.265704845060445,154.924969574493,130.033251776717,1.19151019937255
"a12",7,819.2,0.200308896585754,0.4,0.752388491021343,23.475877707572,9.82083918601877,0.827898511550307
"h11",7,4775.2,0.429116424639758,2.6,0.93698726838838,49.3619718529259,35.4878859202158,2.16303483049267
"g11",7,4424.8,0.455726067043753,1,0.398118962963338,105.438431847706,72.3366158229325,1.45772790674081
"f11",7,262.4,0.499446442479991,1,0.90550272115356,21.3294820924006,15.9661285806997,1.33637384493565
"e11",7,4630.8,0.484170521804158,3.2,Inf,49.0656302814406,26.1165453330041,1.82529337304903
"d11",7,10745,0.515381470434163,1,0.305393738880248,147.698017359177,119.999288708761,1.23128585670602
"c11",7,7129.6,0.434377030877388,1.2,0.280522006600034,123.873185520689,94.2363495033441,1.31658168228377
"b11",7,14981.4,0.473580769108852,1,0.302432084645055,150.624386660459,144.482495586311,1.04261908797345
"a11",7,1654.4,0.508165242138856,1.2,0.63257212577341,57.347475060027,36.3040352278461,1.61306041432507
"h10",7,5247.2,0.414171145229998,1,0.349694452353306,120.317210615548,75.9423731736314,1.58399868267713
"g10",7,7599.4,0.416263980949415,1,0.290437857826991,123.963007405365,97.9586435413713,1.26555615502997
"f10",7,5295,0.434150128530368,1,0.271875762123787,113.693836850034,83.0970461652265,1.36821520930123
"e10",7,5090.2,0.425148073148709,1,0.361491345158645,115.276469254876,74.5937702511653,1.54543658370774
"d10",7,8438.2,0.38790487456716,1.8,0.500338493958252,99.7497744554797,63.8848192289742,1.70240031059723
"c10",7,9663.8,0.382366731764759,1,0.236521263835419,135.315764787308,121.453165212566,1.11416879585593
"b10",7,8975,0.390638582102812,1,0.325368057499693,128.035349487575,115.730646324295,1.10635862243287
"a10",7,9638.6,0.416905023407812,2.8,0.561687908396537,91.682502839071,55.9403608509419,1.65715583994744
"h09",7,4425.2,0.414017099247082,1,0.487390192257596,102.696079907872,67.4504999037511,1.52270173014451
"g09",7,4176,0.435657197817093,1,0.540731861285539,83.771289537912,68.3172845333173,1.22636771838636
"f09",7,8099.8,0.509802730732213,1.2,0.597465860204038,119.494864890448,75.3442055461151,1.55430070702362
"e09",7,8704,0.458552464508872,1,0.217378694773387,124.318379681674,114.959034739103,1.08144224524211
"d09",7,7678.2,0.467016412542211,2.8,0.560495578693438,97.065319515488,41.7826099982439,2.3318344275148
"c09",7,7039.2,0.461698167401678,2,0.604855462199091,92.9549559366852,52.412228015832,1.77128550549803
"b09",7,6908.4,0.468327514425334,1.6,0.381303695530331,112.172310218727,73.8726454693888,1.72027416677312
"a09",7,8169.2,0.415968390506186,1.2,0.363056152552136,123.395077361531,92.0203355794183,1.36646177181621
"h08",7,2379,0.397740975067882,1,0.696449521215972,80.0861037593769,39.2966750278536,2.03799283464998
"g08",7,3263,0.471647968638228,1,0.417634799649493,77.1346402598154,68.816102252738,1.12104065194027
"f08",7,4099.2,0.452976715286054,1,0.367988502852994,96.2786341444302,67.6118345525317,1.42405564640369
"e08",7,8688.2,0.466752514372198,1,0.241318265077994,134.900698504123,108.251194164509,1.24623129892944
"d08",7,10202.4,0.469117784023204,1,0.214069409505792,145.022396849114,133.687564389725,1.0847697052522
"c08",7,8612.4,0.485400049156041,1,0.342973727918102,130.863532672674,98.5147007019563,1.32850639692865
"b08",7,10811,0.429182317609938,1.2,0.290594480311538,134.691980161844,122.249363176253,1.1099752822078
"a08",7,9725,0.429957253871898,1.2,0.352438918930563,157.685176146976,98.8943480264281,1.59630642217056
"h07",7,7996.4,0.458603522680361,1,0.301405871828632,125.78553852322,96.7860387541132,1.29992773462325
"g07",7,4272.6,0.470413276651563,1,0.565687829290227,88.4723977075223,69.4777471998257,1.27341081558493
"f07",7,5753.6,0.482937679360013,2,0.575921437091048,87.5570279627727,47.8306594868015,1.87378518209236
"e07",7,5629.2,0.471886157685073,1,0.280559957393721,109.290460549461,85.8221580464556,1.27338271077676
"d07",7,6989.4,0.431855881272523,1.4,0.432319587935661,128.608390481486,64.1888694107847,1.96999990320186
"c07",7,11028.2,0.472231177970059,1,0.253525508194653,151.887013666998,127.47466264009,1.19156914927887
"b07",7,6727,0.477869536919262,2.4,Inf,82.3145830360261,44.4331731691544,1.69301526003718
"a07",7,15051.4,0.460116262979965,1,0.356100192947676,160.799770065946,144.603492428058,1.11205047571896
"h06",7,5258.4,0.435628890753721,1,0.476330258972805,90.7166236576205,82.6060146991423,1.0981906773827
"g06",7,12046.8,0.521907023583161,1,0.241617277234393,143.993025590762,131.987427569778,1.09105419672479
"f06",7,5247.8,0.470285572578699,2.6,Inf,65.3856480734238,44.4065861963627,1.49227866976535
"e06",7,10596.4,0.494649598950863,2,0.538037981564421,114.164064467557,62.9347943317957,1.89596314349701
"d06",7,7972.2,0.446054895433262,1,0.37498140499237,124.437554295925,102.073108562657,1.21919496525911
"c06",7,8053.2,0.464288794156409,1,0.280243360286437,126.617886698851,108.597707008192,1.16594518221605
"b06",7,12726.8,0.453369965976334,1,0.252161741921905,149.115052075407,134.042385487396,1.11259163390797
"a06",7,7901.4,0.482791104032921,1,0.303541743681954,120.304165081613,104.374038281037,1.15307702256844
"h05",7,4410.4,0.400126791327175,1,0.36313353112889,105.677006320711,71.6034212818634,1.47607965299044
"g05",7,5793.8,0.424807775184595,1,0.314775305084857,132.24587678588,84.174691228243,1.57113022001217
"f05",7,5155,0.392784043850212,1.8,0.960117639031158,57.0278613247493,49.7961568269893,1.71027604079143
"e05",7,6173.8,0.430689380148539,2,0.505409684241905,88.616147488206,54.1756023272158,1.73591812686307
"d05",7,6567.4,0.395957438512226,2,0.565441693484463,90.3380007003997,55.4411969078756,1.64197562892115
"c05",7,10661.4,0.404607451269602,1,0.235585287497046,168.919977105334,120.123376443589,1.40625771825446
"b05",7,8846.6,0.379916993229595,1,0.278410958291952,152.37718142627,101.548532641485,1.5006323466479
"a05",7,11864.4,0.435630770019701,1,0.217674241441181,159.972732718529,142.946802083375,1.11909135954227
"h04",7,3679.6,0.479843287601385,3.4,0.849888686170622,41.9453244161583,32.3487619215297,1.28423382028807
"g04",7,1285.2,0.485622492424124,1,0.489180119019061,55.7490773699762,37.8957941463574,1.47166462463171
"f04",7,6347.6,0.436743916302865,1,0.282500926447497,129.263251351351,94.96973581,1.36118356893706
"e04",7,5508.6,0.444144495577362,2,0.653424092821655,88.2987791485116,42.1410222592685,2.10358318415165
"d04",7,3372,0.350112116904365,2,0.822730205055423,55.5016786716979,38.4368078494844,1.43286041338997
"c04",7,7786.8,0.533506069178677,2,0.503733877202241,86.3735844234799,65.4216508134104,1.45290038648094
"b04",7,5334.8,0.380044575056113,3,0.815807626760989,56.0732475314839,39.6878766428537,1.39919401767186
"a04",7,3213,0.429154933932768,3.6,0.833869856734817,34.8583910796885,25.2075866206442,1.48264267638433
"h03",7,2526.6,0.447291831468991,2,0.878620161496144,47.4952222864759,34.0541231873485,1.40446081768686
"g03",7,3424.6,0.445718974787972,2,0.837399603380377,47.5176243657624,33.4356399876813,1.30396881990491
"f03",7,7769,0.483388198196645,1.4,0.5287074008634,106.953653535932,73.2216166741438,1.47420867394976
"e03",7,6209.4,0.480911483312344,2,0.671577389133759,87.7951240986614,47.9935714633634,1.84162945763246
"d03",7,4631.2,0.430590589750837,1,0.54213441107122,104.192515651304,64.4746972638491,1.61612682936073
"c03",7,7488.4,0.475492379795312,1,0.318800173118679,118.476281284035,109.398529393319,1.08310218942597
"b03",7,5036,0.425783343559347,1,0.565507987368265,109.489762208126,66.5713240906257,1.64471228649848
"a03",7,4607.6,0.408570357944515,1,0.623063183906149,103.636774913549,60.6588963704357,1.7087564543753
"h02",7,1493.8,0.401601770581237,1.8,1.0758110855835,32.7741833361051,24.7521708417953,1.49564918134494
"g02",7,4041.8,0.388256875779023,1,0.599013274974223,84.0649964491514,69.2337264536224,1.21421128847312
"f02",7,9477.4,0.389047142210501,1.4,0.852300003188701,107.110401839925,83.7718938749421,1.30612331436406
"e02",7,5404.8,0.387407201611237,1.2,0.702042884638499,89.4405064151721,66.9130241514781,1.43957586165266
"d02",7,4436.4,0.380758530111561,2,0.69903089504362,67.9304905422706,37.4123893290315,1.60539077013573
"c02",7,1851,0.407663747287078,1,0.662376523383575,66.1772797103307,38.2916299770308,1.72818861690404
"b02",7,5767,0.383247038163994,1,0.390218525261805,124.79355167612,70.3500811837654,1.77407907394264
"a02",7,1535.4,0.337347165115824,1.4,0.951360987221371,45.5343252897944,29.8945330851734,1.68929020118671
"h01",7,2729.4,0.398889664612176,1,0.74909413335371,67.0348992003554,54.9478751702522,1.21997571080866
"g01",7,2736,0.378657355262429,1,0.733449918971497,70.8437016412654,51.1434806406888,1.38522650890881
"f01",7,2006.8,0.378917351723508,1,0.799212258173958,61.4514481957447,42.7841811689596,1.43650411150506
"e01",7,10224.6,0.426506456258728,1,0.596743807825382,130.762833475662,106.537680768293,1.22741792442513
"d01",7,6030,0.428010433573049,2,0.661966876986606,84.8053834235185,48.9861615328947,1.73190384300808
"c01",7,3324.4,0.542524216007985,2.8,0.818930376690139,45.0908638931266,32.455214637243,1.38151887207073
"b01",7,3088.6,0.387914655781082,1,0.578186796622875,89.8573438201628,48.1990241476965,1.86422666438751
"a01",7,3486.8,0.350141542125307,1.2,0.599340065059381,82.5358727787957,57.1512324567738,1.41433913440588
"h12",8,9445.2,0.368693246539214,1,0.314054229441287,146.846495441854,111.437014781345,1.31783328251299
"g12",8,10602.8,0.412003602925464,1,0.198336535766962,142.425752354117,128.716516474096,1.1065553526609
"f12",8,5806.2,0.354296267454491,2.2,0.628144953183784,83.4734243622167,45.4201858052609,1.81109489002753
"e12",8,5655.8,0.373188763059573,1,0.351586074617485,145.718582027927,67.4011272933608,2.16200528711917
"d12",8,10339,0.378023283141601,1,0.569343774281329,127.643301811316,111.878429094805,1.14093632666786
"c12",8,3921,0.374322312444215,1,0.542931136325707,84.3185027383071,66.9422827193165,1.25958972522212
"b12",8,2457.2,0.393794317013,1,0.721066314099992,60.091069176032,55.4774698335032,1.08315338773414
"a12",8,3260.8,0.359085838541246,1,0.716284259192872,74.3734927708417,59.5345573704417,1.24929661132925
"h11",8,3720.6,0.364866416632146,1,0.561452951451898,100.221588995717,52.0447056338325,1.92571426937544
"g11",8,4349.2,0.370082685368853,1,0.513129536545617,107.34479381824,58.0625929094129,1.84881228275606
"f11",8,5225.6,0.42367652430025,2,0.701730699980193,72.4113739847675,49.7600539034139,1.51543223475166
"e11",8,5353.6,0.427941102183099,1,0.394247656578237,122.069640733822,64.7068260543662,1.88653765515554
"d11",8,5448,0.468573740294507,2.4,0.830558496372895,67.7872227715244,42.9962206843614,1.62199196187043
"c11",8,5055.4,0.492541832557772,2,0.716769773499351,76.9839502434764,41.7292479513705,1.87468170023122
"b11",8,6820.2,0.482691481879665,2,0.59818581813035,90.329922559059,53.6228338045765,1.66989279486226
"a11",8,7865.4,0.467615655765796,1,0.357429006242762,119.394256598448,102.577595637716,1.16396010754284
"h10",8,3689.8,0.441888837572753,1.2,0.234152080679258,124.078731375092,58.1650680829266,2.31439110530994
"g10",8,2450.4,0.355747567630969,1,0.642852857240261,77.0899082773635,44.4820241742631,1.73312160878958
"f10",8,3050.2,0.33481872393968,1,0.715847483779893,73.6929133787218,58.0562843414409,1.26933038099441
"e10",8,5509.8,0.408217697084699,1.6,0.530946840640351,95.875258082326,58.9164796076889,1.59803829938629
"d10",8,4039.2,0.427203279244209,1.4,0.623403580991767,70.4986468367564,56.6368155876234,1.23931067524188
"c10",8,5716.8,0.441658361962351,3,0.679733163858973,66.8668084186665,39.1023371660593,1.76231189264079
"b10",8,6706.8,0.387781914822935,1,0.496234495775604,111.998261866758,84.1074412519489,1.33162883902697
"a10",8,7927.6,0.410686496074325,1,0.31644476655456,135.035739008096,90.6448642441567,1.4897630202677
"h09",8,6719.6,0.432094107648886,2,0.624962263761848,83.9287576548938,54.9947127043396,1.5416350109373
"g09",8,5263.6,0.50977419203577,3.2,3.17701745898918,55.5580668648851,32.3421314998029,219.584181984796
"f09",8,2855.4,0.404314399503792,1.8,0.847402196832906,52.2122599627761,38.5760342512948,1.35230886796343
"e09",8,1658.8,0.440788415289657,1,0.69113822653242,60.2937406462248,37.5721787042143,1.60468397997323
"d09",8,7098,0.43915100765832,1,0.418082375077449,102.636738863147,99.5633101425551,1.03088841522571
"c09",8,4129.2,0.452057211132423,1,0.691280301289841,76.457292275031,73.8844562857728,1.0348755544263
"b09",8,4909,0.47827620078153,1,0.436008886789161,92.1593015589616,78.2811484401936,1.17743853869897
"a09",8,6731.8,0.440002540025819,2,0.536838762635738,93.3468898431139,54.535366194006,1.7422310762631
"h08",8,6690,0.425010522171874,1,0.253719476015042,122.465121067446,89.6537795223565,1.37602581634166
"g08",8,8924.6,0.454082899154387,1.2,0.484759028944008,136.567078706309,80.7195781863815,1.86138517738955
"f08",8,3099.6,0.388769543520867,1,0.577862879528923,92.5111024684323,51.0234966413663,1.8131761632994
"e08",8,2904.2,0.380366077921026,1.4,0.62028193163203,78.3958137002154,43.5122999178364,1.76901342154821
"d08",8,5920.4,0.438935087944692,1,0.474579541068827,94.8021914458087,85.7515060269405,1.10560334878635
"c08",8,4818,0.501785282085252,1,0.697229588226458,88.9271030477358,74.7251155268167,1.19011239005502
"b08",8,8500.8,0.458725721869798,1,0.279824456276773,145.675402708587,96.5938396931715,1.50821278432224
"a08",8,6289.2,0.449942612400336,1,0.580223219839686,102.930609515378,85.9287235830614,1.19795389454712
"h07",8,5474.8,0.412321652424502,1,0.42351612778923,120.449334720642,74.2972568482381,1.62127973587855
"g07",8,4444.6,0.415875891425617,1,0.412617759586353,100.600277666113,64.0453896812166,1.57094758707186
"f07",8,4479.6,0.394209035066453,1,0.451059339530374,104.528728935826,74.1602799981506,1.40949813190389
"e07",8,3455.4,0.379179589326299,1,0.579856423365018,94.6071313912568,53.1492904395465,1.7800843955799
"d07",8,4640.2,0.454777179736914,1,0.388499614198417,111.259258846473,69.1580499604378,1.60890620693735
"c07",8,6253.4,0.516172508793798,2,0.517598881114808,85.3109496011885,60.3016975652248,1.42512148653008
"b07",8,5460.2,0.463787499657948,1.2,0.441140903338367,107.134169418926,85.2900062959797,1.3167828191059
"a07",8,5733.8,0.456481706806002,2,0.409756880916072,79.0006282392556,48.5469109442246,2.12478772507209
"h06",8,3832.8,0.361832036414897,2.2,Inf,75.7179544544962,33.4421509192526,135.606075164914
"g06",8,6350,0.429913695756863,1,0.384898600091459,134.107953024013,74.2278125834463,1.81087523632491
"f06",8,7828.2,0.440396638879818,1,0.271168761565088,139.536573770638,99.8860627088819,1.39749394891713
"e06",8,2346.4,0.496323438042504,1,0.492095340143287,76.7503943415449,42.4747253948992,1.80690156813967
"d06",8,6284,0.384430806060942,1,0.587270631121121,146.052162152061,59.5076793211408,2.45444510994387
"c06",8,7495.2,0.426872157435487,2,0.777496307816272,88.9278703449628,52.668315233525,1.67024285657179
"b06",8,5778.2,0.453367384926286,1,0.519606962002869,106.354268149435,86.8470487949561,1.22474976258236
"a06",8,0,0,0,0,0,0,0
"h05",8,7371.6,0.418248838565059,1.2,0.3152861789253,120.511683447185,89.0842640110463,1.40072854135682
"g05",8,3901.2,0.377830510629276,1,0.58600542023991,100.268514642933,56.9430837964782,1.7608750907434
"f05",8,3574.2,0.442762686836792,1,0.576118091896857,107.886000273431,47.8194426566861,2.25641889752447
"e05",8,6957.2,0.546534395527283,1.4,0.509526262353334,115.764348524435,66.1942966136384,1.65655921360892
"d05",8,9385.4,0.456681689117207,1,0.465690904307619,122.860470273861,110.974739993596,1.1071977514762
"c05",8,3612,0.459941880870712,1,0.720745329905156,75.1499982514816,66.1730505838556,1.13565118287478
"b05",8,3007.8,0.467222703392523,1,0.733748271745921,68.7068436049286,59.3998268839924,1.15680659598347
"a05",8,5088,0.440814912465182,1,0.406431238673059,102.699774437945,77.9515793115708,1.31758002475877
"h04",8,4073.6,0.331337514166184,1.4,0.680668257022643,92.8487597324936,47.4082193669014,1.94249323913274
"g04",8,6513,0.385894019987049,2,0.513977807528691,77.4976478103577,61.6158753779556,1.27589314297035
"f04",8,956.4,0.411919621687074,1,0.892811243030617,38.7624713187639,31.7837996904912,1.21980351166654
"e04",8,6604.4,0.447765875097022,1,0.599053803046398,108.027580368359,83.5362425995546,1.29328307784731
"d04",8,7017.8,0.45242704054792,1.2,0.404883751826994,120.60338051555,84.1136300989848,1.47013482898963
"c04",8,6584.4,0.43748514608725,1,0.636456215860693,110.353507608094,80.9303532834959,1.36387148895007
"b04",8,5745.6,0.428137861698237,1.6,0.594870618949532,94.3055371659469,60.7147181233838,1.52950317371001
"a04",8,8054.8,0.423608228017948,1,0.586435972615018,113.620866784789,97.4743017133416,1.16564730681665
"h03",8,5125.8,0.518174172345291,1.4,0.403554221496382,98.5400625243378,68.8631295303061,1.49952638272295
"g03",8,3384.8,0.530582217755866,2.6,0.840847457418016,47.091753527764,31.9427075963844,1.52522400021028
"f03",8,12662.2,0.493636452285952,1.2,0.434691400417514,134.77522445533,113.899847921407,1.42669640410072
"e03",8,3410.6,0.471505671962611,1,0.700354669635483,70.8890731515791,65.6231430125451,1.0803646572464
"d03",8,5066.8,0.441168122738741,1,0.704727426180616,88.8642529469961,76.4476956268724,1.16250160775776
"c03",8,5307.2,0.42678986141181,1,0.35310636185052,110.601991480935,74.2550686152059,1.48945211684484
"b03",8,2363.4,0.406250838436304,1,0.645345281253419,72.0111173272943,46.4780480495561,1.5495920857122
"a03",8,7350.6,0.434026900409411,1,0.546365322517115,136.922280758346,72.0265378610942,1.90100263176404
"h02",8,5973.6,0.383321315427033,3.2,0.762814162841726,58.9120117964437,41.1387786211521,1.46194956649875
"g02",8,5536.6,0.413707347021429,1,0.39180656903218,113.755683201277,78.6799406920603,1.44589720614195
"f02",8,8599.8,0.484936811915146,2,0.578385821577132,88.9065054219981,61.9463726115893,1.52817508830526
"e02",8,7505.2,0.470966880177586,1,0.557967554841881,126.599556919053,82.0870784164602,1.54225499691631
"d02",8,11853,0.447325253474449,1,0.598533997615016,140.619537500608,116.184327175709,1.21036598531118
"c02",8,9135.2,0.532464537901397,1,0.488437254008702,130.247395642333,107.900722811842,1.20723024231166
"b02",8,8428.8,0.415201614771418,1,0.607431670062046,131.968549634329,86.0071337304247,1.53442327836077
"a02",8,9915.4,0.457393748824488,1,0.486682822888894,142.998544171007,97.4800128159044,1.46705833245566
"h01",8,5104.2,0.445740773541174,1.8,0.697702528714244,94.6204692790103,42.376670710619,2.2733054140145
"g01",8,4680.4,0.442886207300105,1,0.404879431526731,114.41386318538,72.1603602136535,1.58561424488985
"f01",8,4383.2,0.502190497045673,1.2,0.611469563482135,88.2042038320483,56.7409694312255,1.55225883955287
"e01",8,6053,0.486933259963662,1,0.351012319111469,107.025170689842,87.378002692043,1.22506565072867
"d01",8,6082.6,0.451752598062246,2,0.540118454697296,103.867000439704,42.9748742503017,2.45324851261199
"c01",8,4706.6,0.427879954678393,2,0.782300913181311,69.1382283453216,43.7207156890526,1.55768406469307
"b01",8,9941,0.50165936843897,1,0.234827133603369,157.073814206406,119.382619933355,1.31571600382233
"a01",8,9412.2,0.473829348410975,1.2,0.345972944332556,147.712714429656,84.9759489354502,1.74463879122639
"h12",9,8361.4,0.480355600336017,1.2,Inf,111.083164322537,94.0964745544506,1.06283643401498
"g12",9,59.8,0.37926642415639,1,1.04471628334528,9.9116998764635,7.53922771407596,1.33247416039653
"f12",9,8808,0.399529890622493,1,0.442183791839267,123.330848290894,99.6253914142796,1.2378320807064
"e12",9,9200.8,0.361091614956353,1,0.561850949896908,113.042904078496,111.239369612143,1.01621557640267
"d12",9,3389.8,0.347364031835268,0.8,0.53228358880106,67.2575853028708,55.9817490712403,0.961124740932427
"c12",9,2812.6,0.311842767722436,0.8,0.49608110807119,68.4520294637324,45.3459312733678,1.20769393114921
"b12",9,7105.8,0.325007478128873,2.2,0.671827967241791,40.892805069933,33.9532221102462,1.20603170116605
"a12",9,5651.8,0.364615227644447,1,0.428908860987746,93.975457464986,53.2813160874475,1.45137534644488
"h11",9,3250.6,0.355393168045184,0.8,0.575602636322416,68.4648094486163,51.4634045751815,1.06447192802191
"g11",9,4399.2,0.452055764206251,1,0.568492540770899,93.6557181681285,69.0271085605991,1.35677429285063
"f11",9,4964.4,0.439971170426947,1,0.582667432186834,87.1116011421811,78.4387130800846,1.11054667133138
"e11",9,7097.6,0.410479494999811,1,0.34616559754325,127.068841439239,88.4513457139233,1.43667415556368
"d11",9,6312.2,0.329210970572471,0.8,0.411981445344845,108.477562500782,62.8150901030607,1.38160110970362
"c11",9,3337.6,0.295907163956236,0.8,0.481931106164399,65.0577232663084,56.5381410135932,0.92055057044683
"b11",9,3052,0.323531117311902,0.8,0.55610912485629,77.0184709500257,42.3383272914452,1.45515195216733
"a11",9,4703.2,0.323257794460745,0.8,0.497208245998036,78.2800841394895,65.4435020189059,0.957601376000312
"h10",9,2612.2,0.52189928288792,2.6,0.838938633361871,43.5988521183309,29.515361674139,1.44360968720512
"g10",9,3618.4,0.465625116383455,2,0.746522642976022,63.68824094329,37.7185335611904,1.64757505228909
"f10",9,3615.2,0.468910127509474,2,0.791555203592089,60.9982484805593,38.7965153602153,1.5805858579876
"e10",9,3228.8,0.464620153426571,1,0.414232838188588,91.65763209791,61.8278399945579,1.48260018209777
"d10",9,2465,0.319102453772377,0.8,0.590491024563445,60.2182337524158,44.6009121794349,1.08002040844227
"c10",9,4046.8,0.34612080022368,0.8,0.49712868101154,74.8912798537811,60.6037226824016,0.988759947829637
"b10",9,4393.8,0.340272436210668,0.8,0.331125058339034,104.489452620613,53.3689657984346,1.56620489438203
"a10",9,1314.8,0.380318594067345,0.8,0.569939612551767,51.1976664102172,27.665863800826,1.48048916504113
"h09",9,4735,0.408872528981579,1,0.454825375169798,93.4037411869884,71.7571672950811,1.3018409247991
"g09",9,4406,0.437062366140388,1,0.623812758807961,97.1717303399845,64.8035527574586,1.49939632395227
"f09",9,2547.2,0.341688522733879,0.8,0.482879004213315,74.6112634735361,39.5089843376952,1.5114963579277
"e09",9,6225.2,0.323366937795775,0.8,0.359510393802431,113.925524349629,62.0979040188952,1.4676711152908
"d09",9,3712.2,0.32182510408779,0.8,0.583916773249505,70.2680622765533,56.7897858937968,0.989832326680604
"c09",9,6008,0.330367393704361,1.6,0.457690434821969,79.1749392736154,46.9486540053203,1.33194655277576
"b09",9,4498.4,0.347053726942255,0.8,0.301323616855839,78.5565701911513,72.8803386519647,0.862307455601829
"a09",9,6734,0.331071784918287,1.6,0.291071062594645,93.7249127179848,48.1725189918134,1.619804268427
"h08",9,3439.4,0.286730619870376,1,Inf,45.5249407994718,27.5324927972564,200.787351273695
"g08",9,2790.4,0.37616325182165,1,0.414478811280619,79.8834710341843,34.2123380875402,1.78221584926414
"f08",9,4662.8,0.38061800428794,0.8,0.553610719550213,85.7864878793075,57.7373929493249,1.18871123535735
"e08",9,7976.4,0.384987236385942,0.8,0.259764236180341,125.040175122688,86.5048404482655,1.15644083203923
"d08",9,7788,0.375854075864705,0.8,0.329001557844024,121.427336720614,77.9677045758732,1.24602684638791
"c08",9,11345,0.407833795694811,0.8,0.218834950402494,121.619270957956,110.918825030867,0.877202226254076
"b08",9,6282.8,0.367765014432122,1.6,0.492211203278226,84.7935511935923,42.9573648847656,1.52103515997936
"a08",9,10322.6,0.505754063750305,1.2,0.502389148898276,160.946792883396,92.9215884652479,2.26540325103585
"h07",9,2245.8,0.35069261452499,0.8,0.526057650524564,69.1213013913295,36.4373155587157,1.5187648121989
"g07",9,3781,0.348126223404547,0.8,0.491357334822459,82.5817710992485,52.9771214956733,1.24687010736224
"f07",9,3527.6,0.390962382438632,0.8,0.402137173356244,93.6396239717077,45.9321570373761,1.6320976619405
"e07",9,3369.6,0.485420992903459,1,Inf,84.9255035438633,47.2402675344138,401.431398342681
"d07",9,9752.2,0.503608645065428,1,0.325855948976322,162.067319341705,95.7422096446189,1.69684603895771
"c07",9,13762,0.501807802241672,1,0.276235986539221,149.412191387624,138.438717885588,1.08448098104774
"b07",9,7548.2,0.375213062090415,1.6,0.39087071923122,92.0648938425399,50.9252525052163,1.42890743862056
"a07",9,8118.8,0.477891967437673,1,Inf,117.958404289649,99.2225507915407,400.949433951125
"h06",9,5491.8,0.349779825062117,0.8,0.464690449086766,90.6803569486704,66.8382489300646,1.08539616626717
"g06",9,3542.4,0.365001814748191,0.8,0.36533173912009,96.018096446559,47.4844383285434,1.61775526902087
"f06",9,2561,0.389621538182502,0.8,0.517810589932994,66.6248441179735,45.3043021067494,1.17654355210558
"e06",9,4850.4,0.481567649688152,1,0.562626988041791,100.085301148076,65.3409940492777,1.53019713140187
"d06",9,15401.8,0.547292402884964,1,0.803552732525872,148.048711782185,133.075227390694,1.15954746151008
"c06",9,5320.4,0.523689805419895,1.4,0.512645626189125,111.54661974251,57.2839189221941,1.92533961745668
"b06",9,6987.4,0.491976457317828,2,0.499041166270522,102.310408811649,51.6451202049022,2.10587018643317
"a06",9,10887.8,0.461997341486961,1,0.271144041199926,164.9102760772,113.302800364989,1.51713816773457
"h05",9,5983,0.515256046066765,1,0.465887796128725,104.203506857607,84.1462465762814,1.36414391371359
"g05",9,4424.8,0.399184064537175,0.8,0.303423747359058,100.422113236617,63.8196061722158,1.25888318148297
"f05",9,4173.4,0.497051847919407,1,0.544397891167213,109.894688917074,55.0273008471051,1.99202180322465
"e05",9,6900.2,0.461068611187273,1,0.359000210782118,135.650939603754,78.6666941341157,1.803912858391
"d05",9,13467,0.476039853017407,1,0.412216166404676,142.782245648143,133.605400347877,1.06875327223249
"c05",9,14278,0.492686810926662,1,0.480301567022448,140.800695781998,133.811356819017,1.06929187641703
"b05",9,4856.8,0.481543821500918,1.2,Inf,89.3806806055279,69.9235713684825,201.1713906013
"a05",9,7375.4,0.460644579542005,1.2,0.460292808743926,151.928028450483,64.5822458771116,2.4929663424599
"h04",9,4475,0.367890256387054,0.8,0.335955822486935,88.8191386856184,57.7711476114553,1.22993288349536
"g04",9,2831.4,0.367077404430939,1,0.536041357311183,54.7016630185611,46.2636268789198,1.0467044508367
"f04",9,5636.6,0.483362047950452,1.4,0.370148293313228,114.339798036194,67.4632440716943,1.68239264143104
"e04",9,4608.6,0.464320394227847,1,0.453696980126731,100.366053049527,64.2336330526758,1.71920630770233
"d04",9,12913.6,0.489187858546329,1,0.313825530687673,150.091334926871,128.457478911624,1.17045441841297
"c04",9,13107.6,0.494710442010697,1,0.350739807841651,149.314485781544,135.705898849957,1.10257180907664
"b04",9,9744.4,0.496875714274659,1.8,0.422717297320938,106.417747687225,93.0257101698004,1.2773464725592
"a04",9,5378.6,0.465795740011444,1.6,0.485843827512377,105.824890596385,48.8866255012111,2.55222443016902
"h03",9,2958,0.296529817654845,0.6,0.291896474347854,57.5052539434533,44.6662651919646,0.772877596833228
"g03",9,4362.6,0.415823354771044,2.2,0.631068159473871,51.2383331973019,30.3632874465563,1.28369446574985
"f03",9,3786.4,0.48307190901017,1,0.535840170809194,101.15724038784,53.5553170645036,2.09409486804393
"e03",9,6086,0.46471163874332,1.8,0.552326303020925,98.9181873191152,52.0351254551216,2.00915099961392
"d03",9,5223.2,0.469393815031565,1,0.527325047421894,97.5605202923654,79.9029088468268,1.22470717917568
"c03",9,5766.8,0.472112371919352,1.2,0.684548481213306,103.549274029649,66.7113068774378,1.60669166327788
"b03",9,2231.2,0.462070402026891,1,1.00329360589804,59.1149697070119,39.7405675046462,1.62061485694274
"a03",9,10636.4,0.483738914959212,1,0.482830569097797,160.984786600834,94.3752606630009,2.05316477840522
"h02",9,4609,0.382862708096875,0.8,0.535939897178989,85.254461196303,57.3708730337402,1.1888364051999
"g02",9,6011.6,0.513902404018072,1,0.340305174153275,106.43158420001,90.1652551463447,1.18610215163853
"f02",9,5658.4,0.493248320170504,1,0.370856664798201,124.369609236589,77.4542597896902,1.60477631468178
"e02",9,5431.2,0.449751055507816,1.2,0.59818847496053,100.736093710753,63.7340641608999,1.60430499595963
"d02",9,7596,0.462996062840363,1.6,0.659876934327148,106.147571768818,65.7456928800946,1.67940134532698
"c02",9,8011.2,0.467868997647347,1,0.483408365109665,138.081589146591,83.5950658536084,1.65437494416838
"b02",9,6469,0.471429766127457,1,0.622895258853895,111.800390800616,77.7193166021272,1.44061454473823
"a02",9,7693.8,0.515395092197647,1.6,0.67347971471244,90.0938644832013,67.5092941883655,1.36603851788642
"h01",9,4783.2,0.460672665783314,2.2,0.844629476550378,53.8632706893452,37.3297684756441,1.7758254362121
"g01",9,5290.8,0.485481232891307,1.2,0.48126449146161,105.695000451258,59.488611522482,1.80218018145907
"f01",9,7627.8,0.48024050675735,2.2,0.637160142493928,76.4339466247989,56.205848365148,1.42131156162691
"e01",9,10076.6,0.437535367360018,1.2,Inf,121.092985367337,93.8954982875053,201.157548051267
"d01",9,12588.6,0.420423534689005,1.4,0.426152822742384,134.295139589341,104.855757635706,1.46916734707012
"c01",9,10665.2,0.460113296443204,1.2,0.332770112720105,131.509466907516,97.1684322459446,1.36691052903604
"b01",9,11838.6,0.500740556959492,2,Inf,65.7821650267409,54.9761792961642,201.370714171141
"a01",9,13989,0.45347345330459,2.4,0.964321768135907,79.6498071175861,57.8847755803421,1.68103289169774
"h12",10,3715.8,0.40979025601634,1,0.585386559675924,74.4340634646535,71.2855288068892,1.04450637365026
"g12",10,7570.4,0.412496735937693,1.4,0.661948710598535,92.0114938942384,74.6052536622113,1.48592176142251
"f12",10,6037,0.444665252447807,1.6,0.573566603881599,104.370707524414,59.3032326406831,1.75558501209642
"e12",10,3072.8,0.441669363953801,1,0.50979237957575,93.2375735352908,50.4417150593554,1.84860686971389
"d12",10,4463.8,0.408873985285034,2.4,0.704135968175071,69.3770093532459,38.2391703417328,1.82088055891012
"c12",10,10034.4,0.452634836236472,1,0.235709588829526,163.124939413529,107.059559365939,1.52371748122732
"b12",10,9948.8,0.468766441517881,1,0.33917764439568,156.63381897613,117.285367692282,1.33583130488815
"a12",10,10214,0.40736692723478,1,0.219068175228985,137.112466687983,123.258279780355,1.11238417562236
"h11",10,9363.8,0.399450626062092,1,0.542165375037199,133.23179526231,94.2590753398594,1.4135277365368
"g11",10,7111.8,0.437683565408874,1,0.438942007981079,129.367893515834,82.8892504116299,1.5609992502222
"f11",10,5284.6,0.433919933231363,1.2,0.62858845516515,84.0188754429493,75.0158675625243,1.27795914694264
"e11",10,4095.4,0.42033120545492,1,0.495870748412801,94.1113129018462,63.2461105559807,1.48901230590142
"d11",10,5361.6,0.437921745102813,3,0.767039636162518,59.287403594831,37.0329180010461,1.45483796929936
"c11",10,10551.6,0.477929758096334,1.6,0.362952325024293,141.304871723264,91.3805738336528,1.6498037114148
"b11",10,8683,0.42068407977947,1,0.327699604373061,123.677058390705,105.571744233328,1.17179709506631
"a11",10,5434.8,0.503151475885755,2,0.639302101233818,84.7735647759285,44.1501714129684,1.9197041348214
"h10",10,9565.8,0.430743410901865,1.2,0.410181596140246,130.976908613786,85.3440182618697,1.53054353760758
"g10",10,6685.2,0.448817275480564,1.8,0.618242292795324,87.9293693384482,60.7112789298007,1.44997862628435
"f10",10,9198,0.41133675931922,1,0.427997427198273,127.859415560504,103.489305237258,1.23550976478476
"e10",10,8134.8,0.439654229270077,1,0.498077912927078,124.416645653767,90.7652946420927,1.37164448993798
"d10",10,9488.6,0.40060501996838,2,0.556969115677687,94.5866855698795,75.9009284589178,1.18563336329681
"c10",10,793,0.354268141531173,1,0.77652136224978,39.3513583814844,26.5532986803366,1.48441529582252
"b10",10,8882.6,0.414793245290876,2,0.53092021936042,124.297181538354,55.1458526660532,2.17581113361253
"a10",10,6938.8,0.413544799317892,2.2,0.569846158064674,93.7118105672205,60.1858719614511,1.52449715453388
"h09",10,13091.2,0.439670671824569,1,0.394528861020078,159.453426485096,111.942368235459,1.42450951930337
"g09",10,9249.6,0.468157226807208,2.4,0.638347177801974,80.5751302716204,49.2693896910107,1.64676263871582
"f09",10,3682,0.429120835050557,1.2,0.691527240083774,79.3171501808888,54.620585255952,1.42478896360245
"e09",10,5264.2,0.397276515726002,1.8,Inf,61.8878653986614,45.4179363993337,201.199624519734
"d09",10,10517.6,0.410976985017087,2,0.576235369491298,98.9732415672374,72.2487026624351,1.32766641961439
"c09",10,10994.4,0.371660429064619,3,Inf,64.247897262654,38.2448294748456,1.69620111554584
"b09",10,15236.6,0.433208834351653,1,0.515058431987535,149.533414838553,133.360544212865,1.12150294305854
"a09",10,11162.8,0.361194117432958,1.8,0.447228881867958,93.1855668787056,76.1548722050232,1.67789070134813
"h08",10,10246.2,0.423615685795532,1,0.517337156708286,138.07936972088,100.124990187396,1.37918860524613
"g08",10,7176.2,0.452790023232069,1.2,0.595809140455525,119.078519336385,70.1115761014581,1.6989393747702
"f08",10,8007.6,0.475912244049637,1,0.320637476105824,113.75114607841,109.665669886662,1.03720636912168
"e08",10,12414.8,0.458941483270641,1,0.440482112019529,142.689573115124,116.873479215947,1.22086319681927
"d08",10,10745.2,0.477984162705418,1,0.194342941156398,159.792329116957,124.413518979166,1.28457290912208
"c08",10,6460.8,0.409504841866094,1,0.437753611558343,140.433282612609,69.8395564514457,2.01167045047097
"b08",10,2472,0.442506666044024,1.2,1.88444327294419,56.521319225822,51.4691798299904,448.194083506211
"a08",10,7472.2,0.441618930307444,1.4,0.359862877362202,149.397764006314,76.8334954508713,1.99561684996913
"h07",10,8029.8,0.455983124878203,1.4,0.193582468449272,145.393140025783,87.8661587853714,1.66550499254603
"g07",10,7761.8,0.4115366326081,1.4,0.43978722510517,98.0972723804968,78.6209095793161,1.69836766130825
"f07",10,3188,0.446153571439047,1,0.447145490245437,76.7330393911139,66.9639029180338,1.1460670930893
"e07",10,2728.4,0.443052817133337,1,0.617685710041218,74.7492495380809,55.0617484884906,1.3578201901534
"d07",10,9547.6,0.433650794532336,2,0.578138380628735,115.700875776993,61.2187842590864,1.90249363972096
"c07",10,12160.2,0.422354164890329,1,0.362607415682136,144.025200390887,130.079001633618,1.10721221655816
"b07",10,11541,0.455955903095723,1,0.229928995411316,143.942550542971,128.672040471661,1.11947081802639
"a07",10,5603.6,0.363154315829095,1.4,0.589789054327817,103.651695967515,64.2655936878552,1.59443324554268
"h06",10,5684,0.490218590558195,2.2,Inf,88.3089107923102,39.3830431468298,135.418980248967
"g06",10,4890.6,0.477158055385613,1.6,0.407204323167929,96.4502931972194,57.360516786029,1.79237428366068
"f06",10,4699.2,0.453829047914226,2,0.717706424139526,73.7072448887321,43.3322165838738,1.69855961657023
"e06",10,3712,0.514300427762011,1,0.4532348913727,98.9412507800589,65.0162916409541,1.5215856348669
"d06",10,8168.8,0.462317925461084,1,0.396331262005068,149.910510307341,95.1063303885006,1.57621027529151
"c06",10,5645.8,0.449372662270321,4,0.749278369428279,46.0823539987737,28.1925419040692,1.6440505972295
"b06",10,4446.2,0.470786367732054,1.2,0.712703062350488,73.2115902571064,67.4581265355455,1.16249611782994
"a06",10,7978.2,0.422439136719574,1.6,0.446294430408102,118.215301929695,73.2641519561044,1.57901195431771
"h05",10,5128.8,0.498377672978536,2.2,0.443254607400907,99.4640848622819,50.6498938772159,2.4401844162267
"g05",10,3351.6,0.477874832110278,1,0.47893002874265,101.84023309396,48.3681643649754,2.10605430270387
"f05",10,2704,0.461722222830442,1,0.577089527629708,79.4067394021605,50.1669701483921,1.58297732565647
"e05",10,2435.4,0.507587363582572,1,0.579566802630012,72.003561216183,50.186411234129,1.43466346695872
"d05",10,7081.6,0.485181798813988,1,0.415682946764334,162.90894109047,75.9915608831458,2.1437736931483
"c05",10,2424.4,0.508528250032124,3,0.887551810856887,35.7358168302995,24.2990050944818,1.39460120136739
"b05",10,5824.4,0.431581707390342,1.2,0.43950027117809,106.404804804724,78.9106316682056,1.38426764567304
"a05",10,11123.2,0.393535100092497,1,0.26656675186728,150.933582302459,141.457462451421,1.06699092692744
"h04",10,6498.2,0.449177829691668,3,Inf,51.0943516679094,33.1888396575238,135.936048467108
"g04",10,0,0,0,0,0,0,0
"f04",10,2657.4,0.443311496685262,1,0.600729615552869,78.8755648370062,47.1205906787919,1.67381769590336
"e04",10,4308.6,0.485669791188886,1,0.581492908499411,84.9104614099605,69.9611217261673,1.2137713423893
"d04",10,8565.6,0.463123568988516,2,0.612549533750097,102.880540873727,63.0923949597711,1.60876827044508
"c04",10,5145,0.474820106880542,1,0.641059321540135,121.35727103234,57.5665376432881,2.10857191813244
"b04",10,4083.8,0.35771322317595,0.8,0.445184296576332,92.0716870101787,48.8081059582695,1.50910203908355
"a04",10,9548.6,0.404579372337326,2,0.573934099594223,105.588663964026,68.1923213302166,1.54847192618241
"h03",10,2752.8,0.517751348556456,1.8,1.01012342489909,39.8672284596446,22.619075555935,1.93201771762218
"g03",10,4966.4,0.448669840119835,1,0.483901798010862,106.620661095299,69.9204482287968,1.52608323155158
"f03",10,5729.4,0.459884931218116,1,0.429729219456293,99.6144213334138,86.7488668369992,1.1482632765333
"e03",10,6828.8,0.489061303867553,1,0.369045732563711,134.437605225615,75.7305291690826,1.77504350564693
"d03",10,6098.4,0.488273241853055,1,0.358784231214951,122.305413225375,86.9403564754471,1.40686589392037
"c03",10,10141.4,0.464238291986033,1,0.366077763326976,164.078848772137,99.5468277020049,1.64823016315413
"b03",10,14714.6,0.493248806797699,1,0.330476291671097,160.097994400658,142.943613569573,1.12013301484018
"a03",10,8902.4,0.444972756103402,2,0.526050339814532,105.205070129125,63.9907764946944,1.64955988252737
"h02",10,1690.8,0.519408787577113,1.6,0.673090763614814,39.2981171661508,18.7904561334788,2.64570514081633
"g02",10,3303,0.448519298866318,1.2,0.592326855774476,89.0175151698734,46.3396994234219,1.99665371897355
"f02",10,4364.6,0.483337676992871,1,0.512368138385518,99.1522650176655,66.5528218018699,1.49043631911582
"e02",10,4078,0.445783528326457,1,0.538746402866242,105.166601785834,57.9920557172085,1.81340290093858
"d02",10,9326,0.432400040140859,1,0.554376095102597,122.258371681851,104.190224238216,1.17361687597865
"c02",10,8223.2,0.454915135887819,1,0.462589538105294,125.717558380444,94.7745067688941,1.32659065136692
"b02",10,6618.8,0.44805097075809,1,0.452555124274419,123.719164952499,83.8237136586939,1.47670254377085
"a02",10,263.6,0.335703662459973,0.6,0.459122453101577,18.1707143417839,11.1431730094616,0.973072938421654
"h01",10,6142.6,0.474456740303117,1.2,4.00164125414264,116.267727279544,74.124181818288,328.007636920133
"g01",10,4482,0.456119829062997,1,0.486330680833912,93.5868241267046,72.4938098920684,1.29113716022338
"f01",10,875.8,0.0924218529613261,0.2,0.111740465387639,16.4368626304696,14.7716463354029,0.222543103377352
"e01",10,4160.8,0.462716887335646,2,0.782414413967261,55.6341863478994,43.5641707144256,1.32192145460295
"d01",10,10073.4,0.430679859661694,1,0.703998004271085,126.746944881662,103.800116958113,1.22152744505011
"c01",10,4924.2,0.421617469177807,1.2,0.686206563680993,82.807047791637,67.309532824794,1.31606092441945
"b01",10,5886.8,0.516323060460905,1,0.465273764742091,110.445477339769,79.7451663730427,1.38502191972805
"a01",10,8296,0.440962011018479,1,0.327585121139792,155.842015060558,82.8197281428915,1.88178918277666
